CowID,Breed,LastHeatDate,InseminationDate,AIType,BullInfo,Pregnancy,ExpectedCalvingDate,CalvingDate
COW0001,Sahiwal,2023-02-25,2023-02-26,Natural,BULL9,Pending,,
COW0002,Holstein,2023-04-10,2023-04-10,Natural,BULL1,Pending,,
COW0003,Sahiwal,2023-07-16,2023-07-16,Artificial,BULL13,Pending,,
COW0004,Holstein,2023-05-28,2023-05-30,Artificial,BULL10,Positive,2024-03-08,2024-03-12
COW0005,Sahiwal,2023-04-14,2023-04-16,Artificial,BULL19,Positive,2024-01-24,2024-01-26
COW0006,Sahiwal,2023-04-13,2023-04-14,Natural,BULL17,Pending,,
COW0007,Sahiwal,2023-07-02,2023-07-03,Natural,BULL15,Negative,,
COW0008,Sahiwal,2023-03-14,2023-03-15,Artificial,BULL1,Positive,2023-12-23,2023-12-28
COW0009,Sahiwal,2023-08-10,2023-08-10,Artificial,BULL5,Negative,,
COW0010,Jersey,2023-02-27,2023-02-27,Artificial,BULL3,Positive,2023-12-07,2023-12-07
COW0011,Jersey,2023-03-22,2023-03-24,Artificial,BULL1,Positive,2024-01-01,2024-01-04
COW0012,Gir,2023-12-17,2023-12-17,Natural,BULL17,Positive,2024-09-25,2024-09-30
COW0013,Holstein,2023-08-10,2023-08-12,Artificial,BULL20,Negative,,
COW0014,Gir,2023-02-06,2023-02-08,Artificial,BULL5,Pending,,
COW0015,Gir,2023-04-16,2023-04-17,Artificial,BULL15,Negative,,
COW0016,Gir,2023-01-24,2023-01-25,Artificial,BULL8,Pending,,
COW0017,Sahiwal,2023-04-30,2023-04-30,Natural,BULL11,Pending,,
COW0018,Sahiwal,2023-08-12,2023-08-12,Artificial,BULL14,Positive,2024-05-21,2024-05-24
COW0019,Gir,2023-02-04,2023-02-06,Artificial,BULL17,Negative,,
COW0020,Sahiwal,2023-06-27,2023-06-29,Natural,BULL18,Pending,,
COW0021,Holstein,2023-05-15,2023-05-16,Natural,BULL15,Pending,,
COW0022,Jersey,2023-06-24,2023-06-26,Artificial,BULL11,Negative,,
COW0023,Gir,2023-10-17,2023-10-19,Artificial,BULL7,Pending,,
COW0024,Gir,2023-07-12,2023-07-14,Natural,BULL1,Positive,2024-04-22,2024-04-27
COW0025,Sahiwal,2023-07-07,2023-07-07,Natural,BULL3,Positive,2024-04-15,2024-04-15
COW0026,Holstein,2023-05-03,2023-05-04,Natural,BULL1,Pending,,
COW0027,Sahiwal,2023-07-27,2023-07-27,Natural,BULL6,Pending,,
COW0028,Gir,2023-08-26,2023-08-26,Artificial,BULL6,Pending,,
COW0029,Holstein,2023-01-23,2023-01-25,Artificial,BULL13,Positive,2023-11-04,2023-11-07
COW0030,Jersey,2023-12-28,2023-12-30,Artificial,BULL6,Positive,2024-10-08,2024-10-10
COW0031,Sahiwal,2023-06-17,2023-06-17,Natural,BULL7,Negative,,
COW0032,Gir,2023-12-28,2023-12-30,Artificial,BULL12,Pending,,
COW0033,Jersey,2023-01-10,2023-01-10,Artificial,BULL12,Pending,,
COW0034,Holstein,2023-07-23,2023-07-23,Artificial,BULL1,Negative,,
COW0035,Jersey,2023-06-29,2023-06-29,Natural,BULL6,Negative,,
COW0036,Jersey,2023-12-08,2023-12-08,Natural,BULL8,Pending,,
COW0037,Holstein,2023-09-24,2023-09-24,Natural,BULL15,Pending,,
COW0038,Jersey,2023-12-29,2023-12-30,Natural,BULL13,Negative,,
COW0039,Gir,2023-04-05,2023-04-06,Artificial,BULL13,Pending,,
COW0040,Sahiwal,2023-06-12,2023-06-13,Artificial,BULL16,Negative,,
COW0041,Gir,2023-12-05,2023-12-05,Artificial,BULL1,Pending,,
COW0042,Sahiwal,2023-08-17,2023-08-17,Artificial,BULL4,Negative,,
COW0043,Jersey,2023-06-04,2023-06-05,Natural,BULL9,Pending,,
COW0044,Gir,2023-03-03,2023-03-03,Natural,BULL2,Pending,,
COW0045,Jersey,2023-02-13,2023-02-15,Natural,BULL9,Pending,,
COW0046,Holstein,2023-08-06,2023-08-07,Artificial,BULL19,Negative,,
COW0047,Holstein,2023-08-29,2023-08-31,Artificial,BULL14,Pending,,
COW0048,Sahiwal,2023-07-05,2023-07-05,Natural,BULL9,Negative,,
COW0049,Sahiwal,2023-07-22,2023-07-23,Natural,BULL3,Positive,2024-05-01,2024-05-01
COW0050,Holstein,2023-04-12,2023-04-13,Artificial,BULL8,Pending,,
COW0051,Holstein,2023-04-13,2023-04-14,Artificial,BULL5,Positive,2024-01-22,2024-01-24
COW0052,Sahiwal,2023-11-18,2023-11-19,Natural,BULL6,Positive,2024-08-28,2024-09-01
COW0053,Jersey,2023-12-02,2023-12-02,Natural,BULL20,Positive,2024-09-10,2024-09-11
COW0054,Sahiwal,2023-08-08,2023-08-08,Natural,BULL1,Negative,,
COW0055,Jersey,2023-05-06,2023-05-06,Natural,BULL18,Positive,2024-02-13,2024-02-18
COW0056,Holstein,2023-03-13,2023-03-13,Artificial,BULL16,Negative,,
COW0057,Gir,2023-01-21,2023-01-21,Natural,BULL17,Negative,,
COW0058,Sahiwal,2023-08-11,2023-08-13,Artificial,BULL1,Negative,,
COW0059,Sahiwal,2023-05-03,2023-05-03,Artificial,BULL7,Negative,,
COW0060,Holstein,2023-04-13,2023-04-14,Natural,BULL7,Positive,2024-01-22,2024-01-22
COW0061,Jersey,2023-01-09,2023-01-11,Natural,BULL14,Negative,,
COW0062,Holstein,2023-11-30,2023-12-01,Natural,BULL20,Negative,,
COW0063,Jersey,2023-04-23,2023-04-25,Artificial,BULL9,Positive,2024-02-02,2024-02-02
COW0064,Holstein,2023-09-07,2023-09-09,Natural,BULL6,Pending,,
COW0065,Jersey,2023-07-07,2023-07-09,Natural,BULL7,Negative,,
COW0066,Holstein,2023-12-26,2023-12-28,Artificial,BULL2,Pending,,
COW0067,Gir,2023-11-24,2023-11-25,Artificial,BULL10,Positive,2024-09-03,2024-09-03
COW0068,Sahiwal,2023-09-30,2023-10-01,Artificial,BULL16,Pending,,
COW0069,Holstein,2023-06-11,2023-06-13,Artificial,BULL1,Negative,,
COW0070,Gir,2023-08-01,2023-08-03,Artificial,BULL15,Pending,,
COW0071,Jersey,2023-07-15,2023-07-16,Artificial,BULL3,Positive,2024-04-24,2024-04-26
COW0072,Jersey,2023-01-07,2023-01-09,Natural,BULL13,Negative,,
COW0073,Sahiwal,2023-08-07,2023-08-08,Artificial,BULL18,Pending,,
COW0074,Jersey,2023-07-04,2023-07-05,Natural,BULL3,Pending,,
COW0075,Sahiwal,2023-02-14,2023-02-16,Natural,BULL7,Negative,,
COW0076,Jersey,2023-03-31,2023-04-01,Natural,BULL11,Negative,,
COW0077,Gir,2023-12-04,2023-12-04,Natural,BULL15,Negative,,
COW0078,Sahiwal,2023-05-18,2023-05-18,Natural,BULL2,Negative,,
COW0079,Jersey,2023-11-05,2023-11-07,Artificial,BULL17,Negative,,
COW0080,Holstein,2023-11-19,2023-11-19,Artificial,BULL14,Pending,,
COW0081,Jersey,2023-11-10,2023-11-11,Artificial,BULL7,Negative,,
COW0082,Holstein,2023-05-30,2023-05-30,Artificial,BULL6,Pending,,
COW0083,Holstein,2023-05-04,2023-05-05,Artificial,BULL12,Positive,2024-02-12,2024-02-17
COW0084,Holstein,2023-02-06,2023-02-07,Natural,BULL17,Positive,2023-11-17,2023-11-21
COW0085,Jersey,2023-05-30,2023-06-01,Artificial,BULL6,Pending,,
COW0086,Sahiwal,2023-07-30,2023-07-30,Natural,BULL10,Positive,2024-05-08,2024-05-08
COW0087,Holstein,2023-12-10,2023-12-12,Natural,BULL20,Pending,,
COW0088,Jersey,2023-09-04,2023-09-05,Artificial,BULL11,Positive,2024-06-14,2024-06-16
COW0089,Sahiwal,2023-03-07,2023-03-09,Artificial,BULL12,Pending,,
COW0090,Jersey,2023-08-10,2023-08-12,Artificial,BULL6,Pending,,
COW0091,Jersey,2023-03-05,2023-03-06,Artificial,BULL2,Negative,,
COW0092,Holstein,2023-07-17,2023-07-19,Natural,BULL5,Positive,2024-04-27,2024-05-02
COW0093,Gir,2023-05-11,2023-05-13,Natural,BULL18,Positive,2024-02-20,2024-02-22
COW0094,Holstein,2023-07-19,2023-07-20,Natural,BULL17,Positive,2024-04-28,2024-05-03
COW0095,Jersey,2023-09-09,2023-09-09,Natural,BULL13,Positive,2024-06-18,2024-06-22
COW0096,Sahiwal,2023-11-23,2023-11-25,Natural,BULL15,Negative,,
COW0097,Gir,2023-05-13,2023-05-15,Natural,BULL6,Pending,,
COW0098,Gir,2023-11-30,2023-12-01,Natural,BULL18,Negative,,
COW0099,Holstein,2023-06-24,2023-06-26,Natural,BULL3,Negative,,
COW0100,Sahiwal,2023-09-26,2023-09-26,Artificial,BULL18,Negative,,
COW0101,Jersey,2023-02-01,2023-02-01,Artificial,BULL19,Positive,2023-11-11,2023-11-11
COW0102,Holstein,2023-05-05,2023-05-05,Artificial,BULL16,Positive,2024-02-12,2024-02-16
COW0103,Jersey,2023-12-01,2023-12-02,Natural,BULL1,Negative,,
COW0104,Gir,2023-10-24,2023-10-24,Natural,BULL18,Negative,,
COW0105,Holstein,2023-10-31,2023-10-31,Natural,BULL17,Pending,,
COW0106,Holstein,2023-03-07,2023-03-08,Natural,BULL15,Positive,2023-12-16,2023-12-17
COW0107,Holstein,2023-08-26,2023-08-26,Artificial,BULL5,Negative,,
COW0108,Holstein,2023-03-03,2023-03-05,Natural,BULL6,Pending,,
COW0109,Holstein,2023-12-16,2023-12-17,Artificial,BULL16,Pending,,
COW0110,Jersey,2023-05-19,2023-05-20,Natural,BULL16,Positive,2024-02-27,2024-03-03
COW0111,Gir,2023-03-15,2023-03-17,Natural,BULL6,Negative,,
COW0112,Jersey,2023-03-24,2023-03-26,Artificial,BULL10,Negative,,
COW0113,Jersey,2023-06-10,2023-06-12,Natural,BULL1,Pending,,
COW0114,Holstein,2023-03-07,2023-03-08,Natural,BULL11,Positive,2023-12-16,2023-12-16
COW0115,Gir,2023-03-09,2023-03-10,Natural,BULL14,Negative,,
COW0116,Sahiwal,2023-03-27,2023-03-28,Artificial,BULL20,Pending,,
COW0117,Sahiwal,2023-03-28,2023-03-28,Natural,BULL5,Pending,,
COW0118,Gir,2023-11-07,2023-11-08,Natural,BULL14,Positive,2024-08-17,2024-08-22
COW0119,Sahiwal,2023-06-18,2023-06-20,Natural,BULL11,Positive,2024-03-29,2024-04-01
COW0120,Jersey,2023-06-11,2023-06-11,Natural,BULL2,Negative,,
COW0121,Jersey,2023-06-02,2023-06-02,Natural,BULL19,Negative,,
COW0122,Gir,2023-01-10,2023-01-12,Artificial,BULL18,Positive,2023-10-22,2023-10-22
COW0123,Holstein,2023-09-20,2023-09-22,Natural,BULL8,Negative,,
COW0124,Jersey,2023-09-01,2023-09-02,Artificial,BULL20,Positive,2024-06-11,2024-06-14
COW0125,Jersey,2023-03-01,2023-03-01,Artificial,BULL4,Pending,,
COW0126,Jersey,2023-07-19,2023-07-21,Natural,BULL17,Pending,,
COW0127,Jersey,2023-01-07,2023-01-09,Natural,BULL14,Positive,2023-10-19,2023-10-22
COW0128,Holstein,2023-04-24,2023-04-25,Artificial,BULL15,Pending,,
COW0129,Jersey,2023-06-19,2023-06-21,Natural,BULL14,Negative,,
COW0130,Sahiwal,2023-07-21,2023-07-22,Artificial,BULL11,Pending,,
COW0131,Jersey,2023-07-01,2023-07-01,Artificial,BULL11,Negative,,
COW0132,Gir,2023-12-10,2023-12-10,Natural,BULL7,Positive,2024-09-18,2024-09-19
COW0133,Holstein,2023-07-26,2023-07-26,Artificial,BULL6,Negative,,
COW0134,Holstein,2023-11-24,2023-11-25,Natural,BULL15,Negative,,
COW0135,Jersey,2023-01-06,2023-01-08,Artificial,BULL10,Negative,,
COW0136,Gir,2023-07-20,2023-07-22,Artificial,BULL9,Negative,,
COW0137,Jersey,2023-09-16,2023-09-17,Natural,BULL3,Positive,2024-06-26,2024-06-28
COW0138,Jersey,2023-01-21,2023-01-21,Artificial,BULL4,Negative,,
COW0139,Holstein,2023-09-09,2023-09-10,Artificial,BULL8,Negative,,
COW0140,Gir,2023-04-14,2023-04-14,Natural,BULL17,Pending,,
COW0141,Sahiwal,2023-10-23,2023-10-23,Natural,BULL20,Negative,,
COW0142,Jersey,2023-02-26,2023-02-26,Artificial,BULL13,Pending,,
COW0143,Sahiwal,2023-08-22,2023-08-24,Natural,BULL5,Negative,,
COW0144,Gir,2023-11-03,2023-11-04,Artificial,BULL7,Pending,,
COW0145,Sahiwal,2023-10-07,2023-10-08,Natural,BULL17,Negative,,
COW0146,Holstein,2023-08-02,2023-08-03,Artificial,BULL3,Positive,2024-05-12,2024-05-17
COW0147,Holstein,2023-07-29,2023-07-31,Natural,BULL4,Positive,2024-05-09,2024-05-13
COW0148,Jersey,2023-10-14,2023-10-16,Artificial,BULL9,Positive,2024-07-25,2024-07-29
COW0149,Jersey,2023-03-16,2023-03-16,Natural,BULL13,Pending,,
COW0150,Holstein,2023-01-23,2023-01-24,Natural,BULL3,Pending,,
COW0151,Sahiwal,2023-03-31,2023-03-31,Artificial,BULL15,Positive,2024-01-08,2024-01-09
COW0152,Holstein,2023-06-14,2023-06-16,Artificial,BULL10,Pending,,
COW0153,Sahiwal,2023-11-26,2023-11-27,Natural,BULL15,Positive,2024-09-05,2024-09-09
COW0154,Jersey,2023-12-06,2023-12-06,Natural,BULL18,Positive,2024-09-14,2024-09-19
COW0155,Holstein,2023-01-30,2023-02-01,Natural,BULL19,Pending,,
COW0156,Gir,2023-10-03,2023-10-04,Artificial,BULL15,Negative,,
COW0157,Jersey,2023-10-05,2023-10-05,Natural,BULL5,Pending,,
COW0158,Gir,2023-03-23,2023-03-25,Natural,BULL1,Pending,,
COW0159,Holstein,2023-06-18,2023-06-18,Natural,BULL17,Positive,2024-03-27,2024-03-30
COW0160,Holstein,2023-02-07,2023-02-09,Natural,BULL10,Negative,,
COW0161,Holstein,2023-12-01,2023-12-01,Artificial,BULL3,Positive,2024-09-09,2024-09-09
COW0162,Holstein,2023-07-17,2023-07-18,Natural,BULL9,Negative,,
COW0163,Holstein,2023-11-15,2023-11-17,Artificial,BULL6,Negative,,
COW0164,Holstein,2023-06-04,2023-06-06,Natural,BULL14,Pending,,
COW0165,Jersey,2023-06-05,2023-06-06,Artificial,BULL1,Pending,,
COW0166,Gir,2023-08-25,2023-08-25,Natural,BULL15,Pending,,
COW0167,Gir,2023-01-01,2023-01-02,Artificial,BULL2,Pending,,
COW0168,Sahiwal,2023-01-19,2023-01-21,Natural,BULL13,Positive,2023-10-31,2023-11-04
COW0169,Holstein,2023-11-29,2023-12-01,Natural,BULL9,Negative,,
COW0170,Holstein,2023-07-30,2023-07-30,Natural,BULL11,Positive,2024-05-08,2024-05-09
COW0171,Holstein,2023-02-23,2023-02-25,Artificial,BULL7,Positive,2023-12-05,2023-12-09
COW0172,Jersey,2023-06-17,2023-06-18,Artificial,BULL17,Pending,,
COW0173,Jersey,2023-12-24,2023-12-25,Natural,BULL9,Negative,,
COW0174,Jersey,2023-12-12,2023-12-13,Artificial,BULL20,Positive,2024-09-21,2024-09-23
COW0175,Holstein,2023-03-27,2023-03-29,Natural,BULL8,Negative,,
COW0176,Sahiwal,2023-01-17,2023-01-18,Artificial,BULL15,Positive,2023-10-28,2023-10-28
COW0177,Holstein,2023-08-17,2023-08-17,Artificial,BULL4,Positive,2024-05-26,2024-05-27
COW0178,Sahiwal,2023-03-15,2023-03-17,Natural,BULL9,Pending,,
COW0179,Jersey,2023-10-20,2023-10-20,Artificial,BULL12,Positive,2024-07-29,2024-07-29
COW0180,Sahiwal,2023-07-02,2023-07-04,Natural,BULL7,Pending,,
COW0181,Sahiwal,2023-08-05,2023-08-06,Natural,BULL11,Negative,,
COW0182,Holstein,2023-03-15,2023-03-15,Artificial,BULL5,Positive,2023-12-23,2023-12-24
COW0183,Gir,2023-09-25,2023-09-27,Artificial,BULL12,Positive,2024-07-06,2024-07-11
COW0184,Sahiwal,2023-03-04,2023-03-06,Natural,BULL3,Positive,2023-12-14,2023-12-17
COW0185,Sahiwal,2023-12-05,2023-12-05,Natural,BULL20,Positive,2024-09-13,2024-09-16
COW0186,Holstein,2023-04-01,2023-04-03,Artificial,BULL18,Pending,,
COW0187,Sahiwal,2023-01-26,2023-01-26,Artificial,BULL6,Pending,,
COW0188,Jersey,2023-12-06,2023-12-06,Natural,BULL9,Positive,2024-09-14,2024-09-14
COW0189,Gir,2023-02-15,2023-02-17,Natural,BULL7,Positive,2023-11-27,2023-11-27
COW0190,Holstein,2023-01-04,2023-01-04,Artificial,BULL11,Negative,,
COW0191,Gir,2023-06-06,2023-06-08,Natural,BULL1,Pending,,
COW0192,Holstein,2023-10-30,2023-11-01,Artificial,BULL19,Negative,,
COW0193,Jersey,2023-07-31,2023-08-02,Artificial,BULL19,Pending,,
COW0194,Holstein,2023-04-28,2023-04-28,Artificial,BULL1,Negative,,
COW0195,Jersey,2023-10-04,2023-10-04,Natural,BULL5,Positive,2024-07-13,2024-07-17
COW0196,Holstein,2023-03-15,2023-03-16,Artificial,BULL17,Negative,,
COW0197,Sahiwal,2023-01-14,2023-01-16,Natural,BULL17,Pending,,
COW0198,Holstein,2023-12-14,2023-12-15,Artificial,BULL18,Negative,,
COW0199,Gir,2023-05-19,2023-05-21,Natural,BULL19,Positive,2024-02-28,2024-03-02
COW0200,Gir,2023-09-20,2023-09-22,Natural,BULL6,Negative,,
COW0201,Jersey,2023-04-18,2023-04-20,Natural,BULL7,Positive,2024-01-28,2024-01-30
COW0202,Gir,2023-07-11,2023-07-12,Natural,BULL9,Negative,,
COW0203,Sahiwal,2023-04-15,2023-04-17,Artificial,BULL7,Positive,2024-01-25,2024-01-29
COW0204,Sahiwal,2023-08-15,2023-08-16,Artificial,BULL16,Positive,2024-05-25,2024-05-29
COW0205,Holstein,2023-01-06,2023-01-06,Artificial,BULL14,Negative,,
COW0206,Sahiwal,2023-08-14,2023-08-16,Artificial,BULL7,Positive,2024-05-25,2024-05-25
COW0207,Sahiwal,2023-06-07,2023-06-08,Natural,BULL20,Negative,,
COW0208,Holstein,2023-04-01,2023-04-03,Artificial,BULL20,Positive,2024-01-11,2024-01-12
COW0209,Jersey,2023-03-18,2023-03-20,Natural,BULL19,Negative,,
COW0210,Sahiwal,2023-08-12,2023-08-13,Natural,BULL4,Positive,2024-05-22,2024-05-24
COW0211,Gir,2023-05-01,2023-05-02,Natural,BULL19,Pending,,
COW0212,Gir,2023-12-07,2023-12-07,Natural,BULL16,Negative,,
COW0213,Sahiwal,2023-08-19,2023-08-21,Natural,BULL20,Pending,,
COW0214,Jersey,2023-02-17,2023-02-17,Natural,BULL1,Pending,,
COW0215,Holstein,2023-04-04,2023-04-04,Artificial,BULL2,Positive,2024-01-12,2024-01-12
COW0216,Holstein,2023-06-02,2023-06-02,Artificial,BULL17,Positive,2024-03-11,2024-03-14
COW0217,Holstein,2023-09-05,2023-09-05,Artificial,BULL3,Negative,,
COW0218,Holstein,2023-01-06,2023-01-06,Artificial,BULL9,Negative,,
COW0219,Jersey,2023-03-16,2023-03-17,Natural,BULL14,Positive,2023-12-25,2023-12-27
COW0220,Sahiwal,2023-04-20,2023-04-21,Natural,BULL14,Positive,2024-01-29,2024-02-01
COW0221,Jersey,2023-10-25,2023-10-27,Natural,BULL7,Pending,,
COW0222,Jersey,2023-11-13,2023-11-15,Natural,BULL10,Positive,2024-08-24,2024-08-25
COW0223,Holstein,2023-11-23,2023-11-25,Artificial,BULL16,Positive,2024-09-03,2024-09-07
COW0224,Gir,2023-11-29,2023-11-30,Artificial,BULL5,Negative,,
COW0225,Jersey,2023-08-18,2023-08-18,Artificial,BULL3,Positive,2024-05-27,2024-06-01
COW0226,Holstein,2023-10-29,2023-10-31,Artificial,BULL12,Pending,,
COW0227,Jersey,2023-12-06,2023-12-08,Artificial,BULL11,Pending,,
COW0228,Holstein,2023-01-05,2023-01-05,Natural,BULL7,Negative,,
COW0229,Gir,2023-02-07,2023-02-08,Artificial,BULL18,Negative,,
COW0230,Holstein,2023-11-13,2023-11-13,Natural,BULL17,Pending,,
COW0231,Jersey,2023-03-03,2023-03-04,Artificial,BULL11,Positive,2023-12-12,2023-12-15
COW0232,Jersey,2023-02-24,2023-02-24,Natural,BULL5,Positive,2023-12-04,2023-12-06
COW0233,Sahiwal,2023-05-05,2023-05-06,Artificial,BULL10,Negative,,
COW0234,Holstein,2023-05-04,2023-05-05,Artificial,BULL19,Positive,2024-02-12,2024-02-14
COW0235,Gir,2023-07-24,2023-07-24,Natural,BULL11,Pending,,
COW0236,Jersey,2023-12-24,2023-12-25,Artificial,BULL12,Negative,,
COW0237,Gir,2023-01-10,2023-01-12,Artificial,BULL2,Pending,,
COW0238,Gir,2023-01-18,2023-01-20,Natural,BULL14,Pending,,
COW0239,Gir,2023-08-06,2023-08-06,Artificial,BULL12,Negative,,
COW0240,Jersey,2023-06-14,2023-06-15,Natural,BULL14,Positive,2024-03-24,2024-03-28
COW0241,Gir,2023-04-21,2023-04-23,Artificial,BULL18,Pending,,
COW0242,Jersey,2023-01-28,2023-01-30,Natural,BULL20,Pending,,
COW0243,Jersey,2023-09-30,2023-10-01,Natural,BULL12,Pending,,
COW0244,Sahiwal,2023-08-15,2023-08-17,Artificial,BULL4,Pending,,
COW0245,Gir,2023-10-03,2023-10-04,Natural,BULL3,Negative,,
COW0246,Gir,2023-03-11,2023-03-12,Natural,BULL20,Negative,,
COW0247,Sahiwal,2023-10-14,2023-10-15,Natural,BULL3,Pending,,
COW0248,Holstein,2023-08-13,2023-08-15,Artificial,BULL17,Positive,2024-05-24,2024-05-28
COW0249,Holstein,2023-10-14,2023-10-16,Natural,BULL2,Positive,2024-07-25,2024-07-25
COW0250,Holstein,2023-12-05,2023-12-07,Artificial,BULL1,Pending,,
COW0251,Holstein,2023-07-12,2023-07-12,Artificial,BULL10,Pending,,
COW0252,Sahiwal,2023-11-08,2023-11-09,Artificial,BULL7,Positive,2024-08-18,2024-08-18
COW0253,Holstein,2023-06-02,2023-06-04,Artificial,BULL1,Pending,,
COW0254,Holstein,2023-01-31,2023-01-31,Natural,BULL11,Positive,2023-11-10,2023-11-12
COW0255,Gir,2023-11-04,2023-11-06,Artificial,BULL2,Positive,2024-08-15,2024-08-18
COW0256,Sahiwal,2023-11-25,2023-11-25,Natural,BULL19,Negative,,
COW0257,Holstein,2023-01-19,2023-01-21,Natural,BULL5,Negative,,
COW0258,Gir,2023-06-23,2023-06-24,Natural,BULL11,Negative,,
COW0259,Holstein,2023-11-22,2023-11-23,Artificial,BULL8,Negative,,
COW0260,Holstein,2023-12-01,2023-12-02,Artificial,BULL17,Positive,2024-09-10,2024-09-13
COW0261,Holstein,2023-09-03,2023-09-03,Artificial,BULL8,Pending,,
COW0262,Holstein,2023-11-26,2023-11-26,Artificial,BULL11,Pending,,
COW0263,Jersey,2023-06-09,2023-06-11,Natural,BULL1,Positive,2024-03-20,2024-03-23
COW0264,Sahiwal,2023-04-06,2023-04-07,Artificial,BULL13,Negative,,
COW0265,Holstein,2023-01-10,2023-01-10,Natural,BULL8,Positive,2023-10-20,2023-10-21
COW0266,Gir,2023-10-26,2023-10-26,Artificial,BULL8,Positive,2024-08-04,2024-08-09
COW0267,Sahiwal,2023-12-22,2023-12-22,Natural,BULL16,Negative,,
COW0268,Gir,2023-06-19,2023-06-21,Artificial,BULL6,Pending,,
COW0269,Sahiwal,2023-11-22,2023-11-24,Natural,BULL2,Negative,,
COW0270,Jersey,2023-11-01,2023-11-03,Natural,BULL13,Negative,,
COW0271,Sahiwal,2023-10-07,2023-10-09,Artificial,BULL4,Pending,,
COW0272,Gir,2024-01-01,2024-01-01,Natural,BULL5,Pending,,
COW0273,Jersey,2023-07-26,2023-07-26,Artificial,BULL9,Positive,2024-05-04,2024-05-05
COW0274,Holstein,2023-11-20,2023-11-20,Artificial,BULL14,Negative,,
COW0275,Sahiwal,2023-06-17,2023-06-18,Artificial,BULL17,Positive,2024-03-27,2024-03-29
COW0276,Sahiwal,2023-05-12,2023-05-13,Natural,BULL20,Pending,,
COW0277,Holstein,2023-10-20,2023-10-21,Artificial,BULL16,Pending,,
COW0278,Holstein,2023-03-09,2023-03-11,Natural,BULL6,Negative,,
COW0279,Gir,2023-09-10,2023-09-11,Natural,BULL16,Negative,,
COW0280,Gir,2023-01-23,2023-01-25,Artificial,BULL11,Positive,2023-11-04,2023-11-08
COW0281,Holstein,2023-11-28,2023-11-28,Artificial,BULL5,Negative,,
COW0282,Sahiwal,2023-06-17,2023-06-17,Natural,BULL14,Negative,,
COW0283,Gir,2023-11-04,2023-11-05,Natural,BULL2,Positive,2024-08-14,2024-08-15
COW0284,Jersey,2023-07-16,2023-07-18,Artificial,BULL20,Negative,,
COW0285,Holstein,2023-04-12,2023-04-14,Natural,BULL12,Pending,,
COW0286,Jersey,2023-09-17,2023-09-17,Artificial,BULL12,Pending,,
COW0287,Holstein,2023-01-26,2023-01-27,Natural,BULL13,Positive,2023-11-06,2023-11-07
COW0288,Sahiwal,2023-10-05,2023-10-06,Artificial,BULL16,Negative,,
COW0289,Sahiwal,2023-12-31,2024-01-01,Artificial,BULL3,Pending,,
COW0290,Holstein,2023-12-21,2023-12-21,Artificial,BULL5,Pending,,
COW0291,Holstein,2023-01-17,2023-01-19,Artificial,BULL9,Positive,2023-10-29,2023-10-30
COW0292,Sahiwal,2023-09-04,2023-09-06,Natural,BULL16,Positive,2024-06-15,2024-06-18
COW0293,Holstein,2023-06-16,2023-06-18,Artificial,BULL5,Negative,,
COW0294,Jersey,2023-09-27,2023-09-27,Natural,BULL14,Pending,,
COW0295,Jersey,2023-02-02,2023-02-02,Natural,BULL7,Negative,,
COW0296,Sahiwal,2023-03-31,2023-03-31,Natural,BULL9,Negative,,
COW0297,Jersey,2023-12-31,2024-01-02,Artificial,BULL8,Positive,2024-10-11,2024-10-14
COW0298,Jersey,2023-05-08,2023-05-10,Natural,BULL17,Pending,,
COW0299,Jersey,2023-08-01,2023-08-01,Artificial,BULL14,Negative,,
COW0300,Holstein,2023-06-06,2023-06-06,Natural,BULL7,Positive,2024-03-15,2024-03-16
COW0301,Holstein,2023-07-18,2023-07-18,Natural,BULL14,Pending,,
COW0302,Sahiwal,2023-11-07,2023-11-08,Natural,BULL4,Negative,,
COW0303,Gir,2023-05-24,2023-05-26,Natural,BULL10,Positive,2024-03-04,2024-03-08
COW0304,Jersey,2023-08-07,2023-08-08,Natural,BULL11,Positive,2024-05-17,2024-05-17
COW0305,Jersey,2023-04-01,2023-04-02,Artificial,BULL16,Negative,,
COW0306,Sahiwal,2023-12-27,2023-12-27,Artificial,BULL3,Negative,,
COW0307,Jersey,2023-08-10,2023-08-11,Artificial,BULL11,Pending,,
COW0308,Gir,2023-06-01,2023-06-03,Natural,BULL11,Positive,2024-03-12,2024-03-12
COW0309,Gir,2023-07-31,2023-08-02,Artificial,BULL15,Pending,,
COW0310,Jersey,2023-01-15,2023-01-15,Natural,BULL15,Pending,,
COW0311,Gir,2023-02-19,2023-02-21,Artificial,BULL15,Negative,,
COW0312,Sahiwal,2023-10-28,2023-10-28,Natural,BULL11,Pending,,
COW0313,Sahiwal,2023-01-01,2023-01-01,Natural,BULL10,Negative,,
COW0314,Holstein,2023-04-20,2023-04-21,Natural,BULL5,Pending,,
COW0315,Gir,2023-06-13,2023-06-15,Artificial,BULL15,Negative,,
COW0316,Jersey,2023-09-30,2023-09-30,Natural,BULL10,Positive,2024-07-09,2024-07-13
COW0317,Sahiwal,2023-01-06,2023-01-08,Artificial,BULL17,Pending,,
COW0318,Holstein,2023-12-15,2023-12-17,Natural,BULL12,Negative,,
COW0319,Sahiwal,2023-06-28,2023-06-30,Natural,BULL19,Positive,2024-04-08,2024-04-10
COW0320,Sahiwal,2023-12-02,2023-12-03,Natural,BULL18,Positive,2024-09-11,2024-09-11
COW0321,Sahiwal,2023-11-15,2023-11-17,Artificial,BULL19,Negative,,
COW0322,Sahiwal,2023-09-21,2023-09-21,Artificial,BULL2,Positive,2024-06-30,2024-07-02
COW0323,Holstein,2023-11-22,2023-11-22,Artificial,BULL14,Positive,2024-08-31,2024-09-02
COW0324,Jersey,2023-01-31,2023-02-02,Artificial,BULL14,Negative,,
COW0325,Jersey,2023-04-09,2023-04-10,Natural,BULL13,Positive,2024-01-18,2024-01-18
COW0326,Jersey,2023-12-27,2023-12-29,Artificial,BULL20,Pending,,
COW0327,Gir,2023-06-13,2023-06-14,Artificial,BULL19,Negative,,
COW0328,Gir,2023-08-10,2023-08-12,Artificial,BULL17,Pending,,
COW0329,Gir,2023-04-03,2023-04-04,Artificial,BULL20,Pending,,
COW0330,Jersey,2023-10-18,2023-10-18,Natural,BULL2,Pending,,
COW0331,Sahiwal,2023-06-17,2023-06-18,Artificial,BULL4,Pending,,
COW0332,Gir,2023-03-24,2023-03-25,Natural,BULL10,Negative,,
COW0333,Jersey,2023-08-26,2023-08-27,Artificial,BULL11,Negative,,
COW0334,Gir,2023-05-28,2023-05-29,Natural,BULL9,Positive,2024-03-07,2024-03-08
COW0335,Holstein,2023-12-01,2023-12-03,Natural,BULL13,Positive,2024-09-11,2024-09-12
COW0336,Gir,2023-11-19,2023-11-21,Natural,BULL10,Pending,,
COW0337,Holstein,2023-07-31,2023-07-31,Artificial,BULL2,Positive,2024-05-09,2024-05-12
COW0338,Holstein,2023-06-19,2023-06-19,Artificial,BULL19,Pending,,
COW0339,Gir,2023-09-15,2023-09-15,Natural,BULL20,Pending,,
COW0340,Holstein,2023-07-30,2023-07-30,Artificial,BULL3,Positive,2024-05-08,2024-05-08
COW0341,Sahiwal,2023-10-28,2023-10-30,Natural,BULL4,Negative,,
COW0342,Holstein,2023-07-24,2023-07-24,Natural,BULL6,Positive,2024-05-02,2024-05-03
COW0343,Holstein,2023-07-16,2023-07-16,Natural,BULL6,Negative,,
COW0344,Sahiwal,2023-03-31,2023-03-31,Natural,BULL20,Pending,,
COW0345,Sahiwal,2023-10-30,2023-11-01,Natural,BULL2,Negative,,
COW0346,Holstein,2023-07-24,2023-07-26,Artificial,BULL18,Pending,,
COW0347,Gir,2023-02-26,2023-02-26,Natural,BULL17,Positive,2023-12-06,2023-12-06
COW0348,Gir,2023-07-23,2023-07-25,Artificial,BULL3,Pending,,
COW0349,Gir,2023-04-10,2023-04-10,Natural,BULL17,Pending,,
COW0350,Sahiwal,2023-08-31,2023-09-01,Natural,BULL12,Negative,,
COW0351,Sahiwal,2023-08-15,2023-08-17,Artificial,BULL5,Pending,,
COW0352,Sahiwal,2023-05-18,2023-05-18,Natural,BULL20,Positive,2024-02-25,2024-02-27
COW0353,Sahiwal,2023-07-31,2023-08-02,Natural,BULL14,Positive,2024-05-11,2024-05-15
COW0354,Jersey,2023-01-22,2023-01-22,Natural,BULL13,Positive,2023-11-01,2023-11-01
COW0355,Holstein,2023-04-26,2023-04-28,Natural,BULL16,Negative,,
COW0356,Jersey,2023-12-23,2023-12-24,Artificial,BULL19,Positive,2024-10-02,2024-10-06
COW0357,Gir,2023-12-13,2023-12-14,Artificial,BULL15,Positive,2024-09-22,2024-09-24
COW0358,Gir,2023-07-22,2023-07-24,Natural,BULL17,Negative,,
COW0359,Gir,2023-04-10,2023-04-10,Artificial,BULL6,Negative,,
COW0360,Sahiwal,2023-09-16,2023-09-18,Natural,BULL12,Negative,,
COW0361,Sahiwal,2023-08-02,2023-08-03,Natural,BULL3,Pending,,
COW0362,Sahiwal,2023-08-31,2023-09-02,Natural,BULL3,Pending,,
COW0363,Sahiwal,2023-09-08,2023-09-10,Artificial,BULL1,Pending,,
COW0364,Holstein,2023-06-12,2023-06-12,Artificial,BULL13,Negative,,
COW0365,Sahiwal,2023-10-01,2023-10-02,Artificial,BULL6,Pending,,
COW0366,Jersey,2023-08-11,2023-08-13,Natural,BULL17,Positive,2024-05-22,2024-05-22
COW0367,Sahiwal,2023-09-20,2023-09-22,Natural,BULL1,Positive,2024-07-01,2024-07-04
COW0368,Jersey,2023-02-11,2023-02-11,Artificial,BULL14,Positive,2023-11-21,2023-11-25
COW0369,Holstein,2023-10-10,2023-10-12,Artificial,BULL14,Positive,2024-07-21,2024-07-25
COW0370,Sahiwal,2023-07-18,2023-07-18,Natural,BULL15,Pending,,
COW0371,Jersey,2023-05-16,2023-05-16,Artificial,BULL10,Pending,,
COW0372,Holstein,2023-08-11,2023-08-13,Artificial,BULL17,Negative,,
COW0373,Gir,2023-02-28,2023-03-01,Natural,BULL10,Pending,,
COW0374,Holstein,2023-10-16,2023-10-17,Natural,BULL11,Positive,2024-07-26,2024-07-31
COW0375,Sahiwal,2023-02-12,2023-02-13,Natural,BULL6,Pending,,
COW0376,Holstein,2023-09-15,2023-09-17,Artificial,BULL6,Positive,2024-06-26,2024-06-26
COW0377,Jersey,2023-12-07,2023-12-08,Artificial,BULL7,Negative,,
COW0378,Jersey,2023-07-10,2023-07-10,Natural,BULL20,Negative,,
COW0379,Gir,2023-05-06,2023-05-06,Artificial,BULL18,Negative,,
COW0380,Jersey,2023-06-19,2023-06-21,Natural,BULL8,Negative,,
COW0381,Sahiwal,2023-01-16,2023-01-16,Artificial,BULL13,Pending,,
COW0382,Sahiwal,2023-09-18,2023-09-19,Artificial,BULL5,Pending,,
COW0383,Sahiwal,2023-02-03,2023-02-03,Natural,BULL20,Negative,,
COW0384,Sahiwal,2023-04-24,2023-04-24,Natural,BULL8,Positive,2024-02-01,2024-02-02
COW0385,Sahiwal,2023-02-18,2023-02-20,Natural,BULL1,Negative,,
COW0386,Holstein,2023-12-22,2023-12-23,Artificial,BULL3,Pending,,
COW0387,Holstein,2023-06-01,2023-06-02,Artificial,BULL5,Negative,,
COW0388,Jersey,2023-09-24,2023-09-25,Artificial,BULL17,Pending,,
COW0389,Sahiwal,2023-02-13,2023-02-13,Artificial,BULL1,Pending,,
COW0390,Gir,2023-02-15,2023-02-15,Natural,BULL5,Negative,,
COW0391,Jersey,2023-08-06,2023-08-07,Artificial,BULL14,Pending,,
COW0392,Jersey,2023-12-15,2023-12-15,Natural,BULL11,Pending,,
COW0393,Sahiwal,2023-01-09,2023-01-10,Natural,BULL9,Negative,,
COW0394,Holstein,2023-09-28,2023-09-29,Natural,BULL1,Pending,,
COW0395,Sahiwal,2023-01-24,2023-01-26,Artificial,BULL5,Positive,2023-11-05,2023-11-06
COW0396,Holstein,2023-10-21,2023-10-21,Artificial,BULL2,Positive,2024-07-30,2024-07-30
COW0397,Jersey,2023-07-17,2023-07-19,Natural,BULL15,Negative,,
COW0398,Holstein,2023-05-29,2023-05-31,Artificial,BULL4,Positive,2024-03-09,2024-03-14
COW0399,Jersey,2023-11-25,2023-11-27,Natural,BULL6,Pending,,
COW0400,Holstein,2023-12-23,2023-12-24,Artificial,BULL9,Positive,2024-10-02,2024-10-07
COW0401,Jersey,2023-06-20,2023-06-22,Artificial,BULL17,Pending,,
COW0402,Gir,2023-05-08,2023-05-08,Artificial,BULL14,Negative,,
COW0403,Holstein,2023-10-30,2023-11-01,Natural,BULL17,Positive,2024-08-10,2024-08-15
COW0404,Gir,2023-10-09,2023-10-09,Natural,BULL8,Positive,2024-07-18,2024-07-21
COW0405,Sahiwal,2023-02-26,2023-02-26,Natural,BULL9,Pending,,
COW0406,Gir,2023-08-02,2023-08-02,Artificial,BULL9,Negative,,
COW0407,Holstein,2023-11-09,2023-11-10,Artificial,BULL16,Negative,,
COW0408,Jersey,2023-11-01,2023-11-02,Natural,BULL7,Negative,,
COW0409,Gir,2023-09-09,2023-09-09,Natural,BULL12,Positive,2024-06-18,2024-06-20
COW0410,Sahiwal,2023-03-18,2023-03-19,Artificial,BULL20,Positive,2023-12-27,2023-12-27
COW0411,Sahiwal,2023-10-24,2023-10-25,Natural,BULL19,Negative,,
COW0412,Sahiwal,2023-04-15,2023-04-17,Natural,BULL2,Negative,,
COW0413,Jersey,2023-05-27,2023-05-28,Natural,BULL14,Negative,,
COW0414,Holstein,2023-02-09,2023-02-11,Artificial,BULL4,Negative,,
COW0415,Holstein,2023-01-28,2023-01-29,Natural,BULL10,Positive,2023-11-08,2023-11-13
COW0416,Jersey,2023-09-26,2023-09-28,Natural,BULL2,Negative,,
COW0417,Jersey,2023-02-14,2023-02-15,Artificial,BULL8,Pending,,
COW0418,Jersey,2023-12-13,2023-12-14,Artificial,BULL4,Positive,2024-09-22,2024-09-26
COW0419,Holstein,2023-07-20,2023-07-21,Natural,BULL8,Negative,,
COW0420,Sahiwal,2023-11-03,2023-11-05,Natural,BULL1,Negative,,
COW0421,Gir,2024-01-01,2024-01-01,Natural,BULL9,Negative,,
COW0422,Sahiwal,2023-12-13,2023-12-13,Artificial,BULL4,Pending,,
COW0423,Gir,2023-09-22,2023-09-23,Natural,BULL16,Negative,,
COW0424,Jersey,2023-04-14,2023-04-15,Artificial,BULL4,Negative,,
COW0425,Holstein,2023-07-29,2023-07-29,Natural,BULL18,Pending,,
COW0426,Holstein,2023-01-18,2023-01-20,Artificial,BULL19,Pending,,
COW0427,Jersey,2023-04-14,2023-04-15,Artificial,BULL4,Pending,,
COW0428,Holstein,2023-03-31,2023-04-02,Natural,BULL2,Positive,2024-01-10,2024-01-10
COW0429,Holstein,2023-11-30,2023-11-30,Artificial,BULL4,Negative,,
COW0430,Gir,2023-05-15,2023-05-15,Artificial,BULL20,Pending,,
COW0431,Holstein,2023-02-25,2023-02-25,Natural,BULL5,Positive,2023-12-05,2023-12-09
COW0432,Jersey,2023-06-22,2023-06-23,Artificial,BULL5,Positive,2024-04-01,2024-04-04
COW0433,Sahiwal,2023-10-05,2023-10-07,Natural,BULL2,Pending,,
COW0434,Jersey,2023-04-06,2023-04-07,Natural,BULL6,Positive,2024-01-15,2024-01-15
COW0435,Gir,2023-07-24,2023-07-24,Artificial,BULL16,Positive,2024-05-02,2024-05-03
COW0436,Sahiwal,2023-05-06,2023-05-08,Artificial,BULL10,Negative,,
COW0437,Holstein,2023-04-21,2023-04-22,Natural,BULL6,Positive,2024-01-30,2024-02-01
COW0438,Holstein,2023-10-26,2023-10-26,Artificial,BULL8,Negative,,
COW0439,Holstein,2023-04-25,2023-04-25,Natural,BULL9,Negative,,
COW0440,Holstein,2023-12-18,2023-12-18,Artificial,BULL9,Pending,,
COW0441,Gir,2023-01-01,2023-01-01,Artificial,BULL19,Negative,,
COW0442,Holstein,2023-08-16,2023-08-16,Artificial,BULL12,Positive,2024-05-25,2024-05-26
COW0443,Gir,2023-04-12,2023-04-12,Natural,BULL1,Positive,2024-01-20,2024-01-24
COW0444,Sahiwal,2023-11-09,2023-11-09,Artificial,BULL2,Positive,2024-08-18,2024-08-21
COW0445,Holstein,2023-07-09,2023-07-11,Artificial,BULL14,Positive,2024-04-19,2024-04-21
COW0446,Sahiwal,2023-06-12,2023-06-12,Artificial,BULL7,Negative,,
COW0447,Sahiwal,2023-10-12,2023-10-14,Artificial,BULL5,Pending,,
COW0448,Sahiwal,2023-04-17,2023-04-19,Natural,BULL8,Pending,,
COW0449,Jersey,2023-05-22,2023-05-23,Artificial,BULL3,Negative,,
COW0450,Sahiwal,2023-09-26,2023-09-28,Natural,BULL1,Pending,,
COW0451,Gir,2023-06-19,2023-06-19,Natural,BULL3,Negative,,
COW0452,Jersey,2023-09-23,2023-09-24,Artificial,BULL18,Negative,,
COW0453,Holstein,2023-01-20,2023-01-22,Artificial,BULL3,Positive,2023-11-01,2023-11-05
COW0454,Sahiwal,2023-10-24,2023-10-24,Artificial,BULL3,Negative,,
COW0455,Gir,2023-09-02,2023-09-02,Artificial,BULL6,Negative,,
COW0456,Sahiwal,2023-03-09,2023-03-09,Natural,BULL14,Pending,,
COW0457,Holstein,2023-06-25,2023-06-25,Artificial,BULL9,Positive,2024-04-03,2024-04-04
COW0458,Gir,2023-06-27,2023-06-27,Artificial,BULL15,Negative,,
COW0459,Holstein,2023-12-05,2023-12-06,Artificial,BULL16,Negative,,
COW0460,Holstein,2023-08-23,2023-08-25,Natural,BULL1,Negative,,
COW0461,Sahiwal,2023-09-06,2023-09-08,Artificial,BULL1,Negative,,
COW0462,Holstein,2023-08-22,2023-08-22,Natural,BULL9,Positive,2024-05-31,2024-06-01
COW0463,Holstein,2023-05-19,2023-05-19,Artificial,BULL19,Negative,,
COW0464,Holstein,2023-09-18,2023-09-19,Natural,BULL15,Positive,2024-06-28,2024-06-30
COW0465,Holstein,2023-11-29,2023-12-01,Artificial,BULL4,Negative,,
COW0466,Sahiwal,2023-04-20,2023-04-22,Artificial,BULL10,Positive,2024-01-30,2024-01-31
COW0467,Holstein,2023-04-09,2023-04-10,Artificial,BULL19,Positive,2024-01-18,2024-01-23
COW0468,Holstein,2023-11-16,2023-11-17,Artificial,BULL12,Pending,,
COW0469,Gir,2023-03-02,2023-03-03,Artificial,BULL1,Negative,,
COW0470,Gir,2023-04-18,2023-04-18,Natural,BULL4,Positive,2024-01-26,2024-01-28
COW0471,Holstein,2023-08-22,2023-08-22,Artificial,BULL19,Pending,,
COW0472,Jersey,2023-01-09,2023-01-09,Natural,BULL12,Pending,,
COW0473,Gir,2023-10-03,2023-10-05,Artificial,BULL2,Negative,,
COW0474,Sahiwal,2023-10-09,2023-10-10,Artificial,BULL7,Pending,,
COW0475,Jersey,2023-12-28,2023-12-29,Artificial,BULL10,Pending,,
COW0476,Holstein,2023-04-30,2023-05-02,Natural,BULL12,Positive,2024-02-09,2024-02-12
COW0477,Jersey,2023-01-15,2023-01-17,Artificial,BULL4,Negative,,
COW0478,Jersey,2023-07-02,2023-07-03,Artificial,BULL14,Positive,2024-04-11,2024-04-16
COW0479,Holstein,2023-11-22,2023-11-24,Artificial,BULL14,Negative,,
COW0480,Holstein,2023-11-13,2023-11-13,Artificial,BULL7,Negative,,
COW0481,Gir,2023-02-04,2023-02-06,Artificial,BULL8,Negative,,
COW0482,Sahiwal,2023-12-26,2023-12-27,Natural,BULL6,Positive,2024-10-05,2024-10-07
COW0483,Sahiwal,2023-11-09,2023-11-11,Artificial,BULL8,Pending,,
COW0484,Sahiwal,2023-07-31,2023-07-31,Natural,BULL13,Pending,,
COW0485,Sahiwal,2023-03-26,2023-03-26,Artificial,BULL9,Negative,,
COW0486,Holstein,2023-05-03,2023-05-05,Natural,BULL6,Positive,2024-02-12,2024-02-17
COW0487,Jersey,2023-05-10,2023-05-10,Natural,BULL1,Pending,,
COW0488,Sahiwal,2023-08-12,2023-08-12,Natural,BULL13,Positive,2024-05-21,2024-05-21
COW0489,Holstein,2023-06-03,2023-06-03,Artificial,BULL4,Positive,2024-03-12,2024-03-16
COW0490,Sahiwal,2023-08-30,2023-08-31,Natural,BULL7,Positive,2024-06-09,2024-06-10
COW0491,Jersey,2023-06-23,2023-06-23,Natural,BULL9,Pending,,
COW0492,Jersey,2023-10-12,2023-10-13,Artificial,BULL18,Pending,,
COW0493,Sahiwal,2023-12-23,2023-12-24,Artificial,BULL7,Positive,2024-10-02,2024-10-04
COW0494,Sahiwal,2023-04-03,2023-04-04,Artificial,BULL10,Pending,,
COW0495,Holstein,2023-01-07,2023-01-07,Artificial,BULL4,Positive,2023-10-17,2023-10-17
COW0496,Sahiwal,2023-02-24,2023-02-26,Natural,BULL12,Positive,2023-12-06,2023-12-06
COW0497,Sahiwal,2023-01-18,2023-01-20,Artificial,BULL8,Negative,,
COW0498,Sahiwal,2023-10-31,2023-11-01,Artificial,BULL19,Negative,,
COW0499,Gir,2023-08-17,2023-08-19,Artificial,BULL15,Positive,2024-05-28,2024-06-02
COW0500,Sahiwal,2023-12-21,2023-12-21,Artificial,BULL8,Positive,2024-09-29,2024-10-03
COW0501,Gir,2023-04-05,2023-04-06,Natural,BULL15,Positive,2024-01-14,2024-01-14
COW0502,Sahiwal,2023-11-18,2023-11-19,Artificial,BULL4,Pending,,
COW0503,Holstein,2023-11-01,2023-11-03,Natural,BULL18,Positive,2024-08-12,2024-08-13
COW0504,Gir,2023-06-04,2023-06-05,Artificial,BULL3,Positive,2024-03-14,2024-03-14
COW0505,Gir,2023-02-26,2023-02-28,Natural,BULL19,Pending,,
COW0506,Holstein,2023-07-08,2023-07-10,Natural,BULL1,Positive,2024-04-18,2024-04-19
COW0507,Jersey,2023-09-12,2023-09-12,Artificial,BULL2,Negative,,
COW0508,Sahiwal,2023-09-11,2023-09-13,Natural,BULL16,Pending,,
COW0509,Sahiwal,2023-09-01,2023-09-02,Artificial,BULL3,Positive,2024-06-11,2024-06-11
COW0510,Sahiwal,2023-11-09,2023-11-10,Artificial,BULL7,Positive,2024-08-19,2024-08-24
COW0511,Gir,2023-05-28,2023-05-29,Artificial,BULL3,Positive,2024-03-07,2024-03-11
COW0512,Sahiwal,2023-04-25,2023-04-25,Artificial,BULL17,Negative,,
COW0513,Jersey,2023-02-04,2023-02-04,Natural,BULL13,Pending,,
COW0514,Holstein,2023-11-27,2023-11-29,Natural,BULL20,Pending,,
COW0515,Gir,2023-05-21,2023-05-23,Natural,BULL3,Pending,,
COW0516,Gir,2023-07-06,2023-07-08,Artificial,BULL15,Positive,2024-04-16,2024-04-20
COW0517,Holstein,2023-11-13,2023-11-13,Artificial,BULL6,Positive,2024-08-22,2024-08-27
COW0518,Sahiwal,2023-06-19,2023-06-20,Artificial,BULL13,Positive,2024-03-29,2024-03-29
COW0519,Gir,2023-05-18,2023-05-20,Artificial,BULL17,Pending,,
COW0520,Holstein,2023-10-04,2023-10-06,Natural,BULL15,Pending,,
COW0521,Sahiwal,2023-08-21,2023-08-23,Artificial,BULL7,Pending,,
COW0522,Holstein,2023-01-05,2023-01-06,Artificial,BULL10,Pending,,
COW0523,Jersey,2023-10-03,2023-10-04,Natural,BULL3,Negative,,
COW0524,Jersey,2023-09-15,2023-09-17,Natural,BULL19,Negative,,
COW0525,Sahiwal,2023-03-16,2023-03-16,Natural,BULL8,Positive,2023-12-24,2023-12-24
COW0526,Gir,2023-08-12,2023-08-14,Natural,BULL7,Pending,,
COW0527,Gir,2023-11-04,2023-11-06,Natural,BULL4,Pending,,
COW0528,Holstein,2023-04-17,2023-04-19,Artificial,BULL5,Pending,,
COW0529,Gir,2023-04-18,2023-04-20,Natural,BULL14,Pending,,
COW0530,Sahiwal,2023-10-17,2023-10-19,Artificial,BULL5,Pending,,
COW0531,Jersey,2023-09-22,2023-09-24,Natural,BULL17,Negative,,
COW0532,Holstein,2023-10-26,2023-10-26,Natural,BULL7,Negative,,
COW0533,Sahiwal,2023-02-19,2023-02-19,Natural,BULL9,Pending,,
COW0534,Jersey,2023-07-18,2023-07-18,Artificial,BULL7,Negative,,
COW0535,Holstein,2023-08-30,2023-09-01,Artificial,BULL15,Negative,,
COW0536,Gir,2023-10-14,2023-10-15,Natural,BULL2,Negative,,
COW0537,Sahiwal,2023-09-15,2023-09-17,Artificial,BULL14,Pending,,
COW0538,Gir,2023-03-17,2023-03-17,Natural,BULL3,Positive,2023-12-25,2023-12-30
COW0539,Jersey,2023-03-06,2023-03-08,Natural,BULL17,Positive,2023-12-16,2023-12-16
COW0540,Jersey,2023-09-06,2023-09-06,Natural,BULL20,Negative,,
COW0541,Sahiwal,2023-12-03,2023-12-03,Natural,BULL14,Positive,2024-09-11,2024-09-14
COW0542,Holstein,2024-01-01,2024-01-03,Natural,BULL4,Pending,,
COW0543,Gir,2023-01-01,2023-01-01,Artificial,BULL13,Positive,2023-10-11,2023-10-12
COW0544,Jersey,2023-10-11,2023-10-11,Artificial,BULL6,Positive,2024-07-20,2024-07-24
COW0545,Gir,2023-01-27,2023-01-29,Artificial,BULL19,Pending,,
COW0546,Jersey,2023-12-11,2023-12-12,Natural,BULL18,Pending,,
COW0547,Holstein,2023-02-03,2023-02-04,Artificial,BULL14,Negative,,
COW0548,Holstein,2023-07-05,2023-07-05,Natural,BULL2,Positive,2024-04-13,2024-04-16
COW0549,Gir,2023-08-02,2023-08-02,Artificial,BULL12,Pending,,
COW0550,Jersey,2023-10-11,2023-10-11,Natural,BULL13,Positive,2024-07-20,2024-07-22
COW0551,Sahiwal,2023-05-22,2023-05-22,Natural,BULL20,Negative,,
COW0552,Jersey,2023-04-30,2023-05-01,Artificial,BULL16,Positive,2024-02-08,2024-02-08
COW0553,Sahiwal,2023-06-30,2023-06-30,Artificial,BULL18,Positive,2024-04-08,2024-04-09
COW0554,Holstein,2023-03-25,2023-03-27,Natural,BULL6,Pending,,
COW0555,Gir,2023-01-20,2023-01-21,Artificial,BULL4,Negative,,
COW0556,Jersey,2023-02-12,2023-02-13,Artificial,BULL10,Negative,,
COW0557,Holstein,2023-09-11,2023-09-13,Artificial,BULL13,Negative,,
COW0558,Holstein,2023-09-05,2023-09-05,Artificial,BULL6,Pending,,
COW0559,Jersey,2023-07-10,2023-07-12,Natural,BULL4,Positive,2024-04-20,2024-04-24
COW0560,Gir,2023-03-26,2023-03-27,Artificial,BULL17,Pending,,
COW0561,Jersey,2023-02-12,2023-02-12,Natural,BULL10,Pending,,
COW0562,Holstein,2023-03-15,2023-03-17,Artificial,BULL7,Negative,,
COW0563,Sahiwal,2023-06-10,2023-06-11,Natural,BULL5,Pending,,
COW0564,Sahiwal,2023-04-07,2023-04-09,Natural,BULL17,Positive,2024-01-17,2024-01-20
COW0565,Gir,2023-05-29,2023-05-29,Natural,BULL6,Positive,2024-03-07,2024-03-08
COW0566,Sahiwal,2023-01-04,2023-01-05,Artificial,BULL2,Negative,,
COW0567,Jersey,2023-10-20,2023-10-20,Natural,BULL11,Pending,,
COW0568,Holstein,2023-05-23,2023-05-23,Artificial,BULL3,Pending,,
COW0569,Gir,2023-04-03,2023-04-05,Artificial,BULL6,Positive,2024-01-13,2024-01-13
COW0570,Gir,2023-05-27,2023-05-29,Artificial,BULL18,Negative,,
COW0571,Gir,2023-02-26,2023-02-27,Artificial,BULL9,Pending,,
COW0572,Jersey,2023-06-22,2023-06-24,Artificial,BULL16,Pending,,
COW0573,Jersey,2023-01-12,2023-01-14,Artificial,BULL3,Positive,2023-10-24,2023-10-28
COW0574,Holstein,2023-07-06,2023-07-07,Natural,BULL4,Pending,,
COW0575,Jersey,2023-01-17,2023-01-19,Natural,BULL13,Negative,,
COW0576,Jersey,2023-09-12,2023-09-12,Artificial,BULL13,Pending,,
COW0577,Jersey,2023-07-26,2023-07-27,Natural,BULL5,Positive,2024-05-05,2024-05-07
COW0578,Gir,2023-03-12,2023-03-12,Artificial,BULL4,Negative,,
COW0579,Holstein,2023-04-19,2023-04-21,Natural,BULL8,Negative,,
COW0580,Jersey,2023-03-01,2023-03-03,Natural,BULL19,Positive,2023-12-11,2023-12-13
COW0581,Holstein,2023-09-02,2023-09-04,Artificial,BULL17,Pending,,
COW0582,Holstein,2023-10-08,2023-10-10,Artificial,BULL8,Pending,,
COW0583,Sahiwal,2023-05-31,2023-06-02,Artificial,BULL7,Positive,2024-03-11,2024-03-11
COW0584,Holstein,2023-04-18,2023-04-18,Artificial,BULL14,Positive,2024-01-26,2024-01-31
COW0585,Jersey,2023-05-08,2023-05-09,Artificial,BULL6,Pending,,
COW0586,Holstein,2023-11-24,2023-11-25,Artificial,BULL2,Positive,2024-09-03,2024-09-08
COW0587,Gir,2023-03-20,2023-03-20,Natural,BULL2,Pending,,
COW0588,Sahiwal,2023-02-26,2023-02-26,Natural,BULL15,Positive,2023-12-06,2023-12-08
COW0589,Holstein,2023-05-12,2023-05-12,Natural,BULL3,Positive,2024-02-19,2024-02-19
COW0590,Sahiwal,2023-11-15,2023-11-17,Artificial,BULL20,Positive,2024-08-26,2024-08-28
COW0591,Holstein,2023-05-03,2023-05-04,Artificial,BULL4,Pending,,
COW0592,Sahiwal,2023-07-25,2023-07-26,Natural,BULL19,Negative,,
COW0593,Gir,2023-11-18,2023-11-18,Natural,BULL2,Negative,,
COW0594,Gir,2023-09-23,2023-09-24,Natural,BULL10,Negative,,
COW0595,Gir,2023-05-12,2023-05-12,Natural,BULL15,Positive,2024-02-19,2024-02-21
COW0596,Gir,2023-03-06,2023-03-06,Natural,BULL9,Pending,,
COW0597,Gir,2023-08-16,2023-08-18,Artificial,BULL20,Negative,,
COW0598,Gir,2023-07-15,2023-07-15,Natural,BULL12,Positive,2024-04-23,2024-04-27
COW0599,Gir,2023-03-21,2023-03-22,Natural,BULL16,Pending,,
COW0600,Gir,2023-03-01,2023-03-01,Artificial,BULL14,Pending,,
COW0601,Holstein,2023-07-02,2023-07-02,Artificial,BULL6,Pending,,
COW0602,Gir,2023-08-27,2023-08-29,Natural,BULL4,Pending,,
COW0603,Holstein,2023-05-26,2023-05-28,Artificial,BULL8,Negative,,
COW0604,Sahiwal,2023-08-27,2023-08-28,Artificial,BULL19,Negative,,
COW0605,Holstein,2023-05-23,2023-05-23,Artificial,BULL4,Negative,,
COW0606,Jersey,2023-12-06,2023-12-06,Artificial,BULL19,Positive,2024-09-14,2024-09-17
COW0607,Sahiwal,2023-07-08,2023-07-10,Natural,BULL17,Pending,,
COW0608,Jersey,2023-11-05,2023-11-06,Artificial,BULL16,Negative,,
COW0609,Gir,2023-11-25,2023-11-27,Natural,BULL3,Pending,,
COW0610,Jersey,2023-06-01,2023-06-01,Artificial,BULL7,Positive,2024-03-10,2024-03-14
COW0611,Holstein,2023-08-14,2023-08-16,Artificial,BULL19,Positive,2024-05-25,2024-05-30
COW0612,Jersey,2023-09-05,2023-09-07,Artificial,BULL10,Positive,2024-06-16,2024-06-19
COW0613,Gir,2023-04-25,2023-04-26,Natural,BULL6,Positive,2024-02-03,2024-02-07
COW0614,Holstein,2023-06-21,2023-06-22,Natural,BULL5,Pending,,
COW0615,Gir,2023-10-27,2023-10-28,Natural,BULL10,Pending,,
COW0616,Holstein,2023-12-22,2023-12-24,Natural,BULL16,Positive,2024-10-02,2024-10-04
COW0617,Holstein,2023-06-17,2023-06-18,Natural,BULL16,Negative,,
COW0618,Holstein,2023-04-09,2023-04-10,Natural,BULL17,Positive,2024-01-18,2024-01-21
COW0619,Jersey,2023-05-17,2023-05-19,Natural,BULL19,Positive,2024-02-26,2024-02-29
COW0620,Holstein,2023-07-03,2023-07-03,Natural,BULL11,Pending,,
COW0621,Sahiwal,2023-01-04,2023-01-05,Artificial,BULL13,Positive,2023-10-15,2023-10-16
COW0622,Gir,2023-09-11,2023-09-11,Artificial,BULL1,Negative,,
COW0623,Sahiwal,2023-08-11,2023-08-13,Artificial,BULL11,Positive,2024-05-22,2024-05-24
COW0624,Sahiwal,2023-07-07,2023-07-09,Artificial,BULL13,Pending,,
COW0625,Gir,2023-12-25,2023-12-25,Natural,BULL18,Positive,2024-10-03,2024-10-05
COW0626,Gir,2023-02-12,2023-02-14,Natural,BULL19,Positive,2023-11-24,2023-11-28
COW0627,Gir,2023-06-20,2023-06-22,Natural,BULL6,Negative,,
COW0628,Holstein,2023-11-18,2023-11-19,Natural,BULL1,Positive,2024-08-28,2024-08-31
COW0629,Sahiwal,2023-11-16,2023-11-17,Natural,BULL17,Negative,,
COW0630,Jersey,2023-06-23,2023-06-23,Artificial,BULL19,Pending,,
COW0631,Gir,2023-03-22,2023-03-24,Artificial,BULL8,Positive,2024-01-01,2024-01-01
COW0632,Sahiwal,2023-12-13,2023-12-13,Natural,BULL16,Positive,2024-09-21,2024-09-24
COW0633,Gir,2023-03-18,2023-03-19,Natural,BULL7,Negative,,
COW0634,Holstein,2023-10-05,2023-10-05,Natural,BULL16,Positive,2024-07-14,2024-07-18
COW0635,Jersey,2023-10-23,2023-10-25,Natural,BULL15,Pending,,
COW0636,Jersey,2023-04-05,2023-04-07,Natural,BULL6,Negative,,
COW0637,Gir,2023-10-24,2023-10-25,Artificial,BULL8,Pending,,
COW0638,Jersey,2023-02-20,2023-02-21,Artificial,BULL7,Positive,2023-12-01,2023-12-06
COW0639,Gir,2023-12-07,2023-12-07,Natural,BULL20,Pending,,
COW0640,Holstein,2023-03-19,2023-03-20,Natural,BULL4,Negative,,
COW0641,Holstein,2023-05-22,2023-05-22,Natural,BULL3,Positive,2024-02-29,2024-03-01
COW0642,Sahiwal,2023-12-10,2023-12-12,Artificial,BULL5,Pending,,
COW0643,Sahiwal,2023-10-29,2023-10-31,Natural,BULL13,Positive,2024-08-09,2024-08-13
COW0644,Gir,2023-07-08,2023-07-09,Natural,BULL15,Pending,,
COW0645,Holstein,2023-02-23,2023-02-25,Artificial,BULL16,Negative,,
COW0646,Holstein,2023-12-15,2023-12-15,Artificial,BULL19,Positive,2024-09-23,2024-09-25
COW0647,Holstein,2023-10-02,2023-10-03,Artificial,BULL11,Positive,2024-07-12,2024-07-15
COW0648,Holstein,2023-07-17,2023-07-19,Artificial,BULL12,Pending,,
COW0649,Sahiwal,2023-02-17,2023-02-17,Artificial,BULL2,Positive,2023-11-27,2023-11-27
COW0650,Holstein,2023-04-26,2023-04-28,Artificial,BULL7,Positive,2024-02-05,2024-02-06
COW0651,Sahiwal,2023-02-20,2023-02-21,Natural,BULL5,Positive,2023-12-01,2023-12-03
COW0652,Holstein,2023-11-17,2023-11-19,Natural,BULL20,Positive,2024-08-28,2024-08-28
COW0653,Holstein,2023-01-10,2023-01-11,Natural,BULL15,Pending,,
COW0654,Sahiwal,2023-02-22,2023-02-22,Natural,BULL16,Negative,,
COW0655,Sahiwal,2023-04-08,2023-04-08,Artificial,BULL9,Negative,,
COW0656,Jersey,2023-09-13,2023-09-14,Natural,BULL2,Pending,,
COW0657,Sahiwal,2023-03-08,2023-03-10,Natural,BULL3,Pending,,
COW0658,Sahiwal,2023-05-16,2023-05-18,Artificial,BULL16,Positive,2024-02-25,2024-02-27
COW0659,Jersey,2023-12-07,2023-12-09,Natural,BULL18,Pending,,
COW0660,Sahiwal,2023-07-06,2023-07-08,Artificial,BULL2,Negative,,
COW0661,Sahiwal,2023-04-06,2023-04-08,Artificial,BULL16,Positive,2024-01-16,2024-01-19
COW0662,Gir,2023-05-29,2023-05-30,Artificial,BULL1,Pending,,
COW0663,Gir,2023-12-13,2023-12-14,Natural,BULL13,Pending,,
COW0664,Gir,2023-05-03,2023-05-05,Artificial,BULL12,Negative,,
COW0665,Holstein,2023-12-02,2023-12-02,Natural,BULL6,Negative,,
COW0666,Sahiwal,2023-05-02,2023-05-04,Artificial,BULL17,Positive,2024-02-11,2024-02-16
COW0667,Jersey,2023-01-12,2023-01-13,Natural,BULL15,Negative,,
COW0668,Gir,2023-12-18,2023-12-18,Artificial,BULL9,Negative,,
COW0669,Gir,2023-04-16,2023-04-17,Artificial,BULL10,Negative,,
COW0670,Gir,2023-02-08,2023-02-08,Natural,BULL17,Negative,,
COW0671,Sahiwal,2023-12-20,2023-12-22,Natural,BULL5,Positive,2024-09-30,2024-10-01
COW0672,Gir,2023-12-15,2023-12-17,Natural,BULL10,Pending,,
COW0673,Sahiwal,2023-10-15,2023-10-16,Artificial,BULL13,Negative,,
COW0674,Gir,2023-01-31,2023-02-02,Natural,BULL8,Pending,,
COW0675,Gir,2023-11-12,2023-11-14,Artificial,BULL9,Positive,2024-08-23,2024-08-28
COW0676,Jersey,2023-04-07,2023-04-09,Natural,BULL8,Pending,,
COW0677,Jersey,2023-01-31,2023-02-02,Natural,BULL7,Negative,,
COW0678,Gir,2023-03-16,2023-03-16,Artificial,BULL18,Pending,,
COW0679,Sahiwal,2023-01-20,2023-01-20,Artificial,BULL17,Positive,2023-10-30,2023-11-03
COW0680,Sahiwal,2023-10-06,2023-10-07,Natural,BULL3,Pending,,
COW0681,Gir,2023-05-08,2023-05-10,Natural,BULL17,Pending,,
COW0682,Holstein,2023-11-13,2023-11-13,Natural,BULL20,Positive,2024-08-22,2024-08-22
COW0683,Gir,2023-12-04,2023-12-04,Natural,BULL4,Positive,2024-09-12,2024-09-12
COW0684,Sahiwal,2023-10-04,2023-10-04,Artificial,BULL15,Negative,,
COW0685,Gir,2023-12-01,2023-12-02,Artificial,BULL8,Positive,2024-09-10,2024-09-13
COW0686,Sahiwal,2023-10-13,2023-10-13,Artificial,BULL7,Negative,,
COW0687,Holstein,2023-07-15,2023-07-17,Artificial,BULL7,Pending,,
COW0688,Sahiwal,2023-10-28,2023-10-28,Artificial,BULL20,Negative,,
COW0689,Holstein,2023-03-27,2023-03-28,Natural,BULL6,Positive,2024-01-05,2024-01-05
COW0690,Gir,2023-06-02,2023-06-04,Artificial,BULL9,Pending,,
COW0691,Holstein,2023-04-26,2023-04-27,Artificial,BULL13,Positive,2024-02-04,2024-02-08
COW0692,Holstein,2023-10-28,2023-10-29,Natural,BULL12,Positive,2024-08-07,2024-08-12
COW0693,Holstein,2023-01-28,2023-01-29,Artificial,BULL1,Negative,,
COW0694,Sahiwal,2023-10-27,2023-10-29,Natural,BULL5,Positive,2024-08-07,2024-08-09
COW0695,Gir,2023-09-04,2023-09-06,Natural,BULL14,Negative,,
COW0696,Holstein,2023-12-10,2023-12-11,Artificial,BULL18,Negative,,
COW0697,Sahiwal,2023-09-25,2023-09-26,Natural,BULL1,Pending,,
COW0698,Gir,2023-04-02,2023-04-02,Natural,BULL7,Negative,,
COW0699,Gir,2023-04-10,2023-04-12,Natural,BULL5,Pending,,
COW0700,Gir,2023-02-19,2023-02-20,Artificial,BULL19,Positive,2023-11-30,2023-12-02
COW0701,Holstein,2023-04-01,2023-04-01,Natural,BULL10,Pending,,
COW0702,Jersey,2023-05-22,2023-05-23,Natural,BULL14,Negative,,
COW0703,Sahiwal,2023-08-28,2023-08-30,Artificial,BULL10,Pending,,
COW0704,Sahiwal,2023-10-10,2023-10-12,Artificial,BULL13,Negative,,
COW0705,Holstein,2023-01-14,2023-01-16,Natural,BULL9,Negative,,
COW0706,Sahiwal,2023-03-01,2023-03-01,Natural,BULL7,Positive,2023-12-09,2023-12-14
COW0707,Holstein,2023-05-03,2023-05-05,Artificial,BULL3,Positive,2024-02-12,2024-02-17
COW0708,Jersey,2023-03-13,2023-03-13,Artificial,BULL10,Negative,,
COW0709,Holstein,2023-10-13,2023-10-13,Artificial,BULL17,Pending,,
COW0710,Gir,2023-12-12,2023-12-14,Natural,BULL11,Positive,2024-09-22,2024-09-26
COW0711,Holstein,2023-10-06,2023-10-06,Natural,BULL5,Pending,,
COW0712,Gir,2023-02-15,2023-02-17,Natural,BULL14,Positive,2023-11-27,2023-11-27
COW0713,Gir,2023-12-11,2023-12-11,Natural,BULL19,Pending,,
COW0714,Gir,2023-03-24,2023-03-24,Natural,BULL18,Negative,,
COW0715,Jersey,2023-08-13,2023-08-13,Natural,BULL20,Pending,,
COW0716,Sahiwal,2023-05-06,2023-05-06,Artificial,BULL8,Pending,,
COW0717,Gir,2023-06-09,2023-06-11,Natural,BULL5,Positive,2024-03-20,2024-03-22
COW0718,Gir,2023-03-21,2023-03-23,Natural,BULL3,Pending,,
COW0719,Gir,2023-08-10,2023-08-11,Natural,BULL8,Negative,,
COW0720,Jersey,2023-09-23,2023-09-24,Natural,BULL3,Negative,,
COW0721,Gir,2023-01-29,2023-01-30,Natural,BULL16,Positive,2023-11-09,2023-11-12
COW0722,Jersey,2023-01-12,2023-01-13,Natural,BULL3,Negative,,
COW0723,Sahiwal,2023-04-05,2023-04-06,Artificial,BULL10,Positive,2024-01-14,2024-01-14
COW0724,Holstein,2023-01-20,2023-01-20,Artificial,BULL2,Negative,,
COW0725,Jersey,2023-12-15,2023-12-17,Artificial,BULL9,Pending,,
COW0726,Jersey,2023-10-03,2023-10-05,Natural,BULL18,Positive,2024-07-14,2024-07-18
COW0727,Gir,2023-01-22,2023-01-22,Artificial,BULL7,Negative,,
COW0728,Holstein,2023-05-07,2023-05-08,Artificial,BULL10,Positive,2024-02-15,2024-02-18
COW0729,Sahiwal,2023-03-06,2023-03-07,Natural,BULL2,Positive,2023-12-15,2023-12-18
COW0730,Holstein,2023-09-08,2023-09-09,Artificial,BULL5,Positive,2024-06-18,2024-06-22
COW0731,Sahiwal,2023-01-23,2023-01-25,Artificial,BULL19,Pending,,
COW0732,Jersey,2023-06-23,2023-06-23,Natural,BULL1,Pending,,
COW0733,Jersey,2023-12-24,2023-12-26,Artificial,BULL5,Negative,,
COW0734,Holstein,2023-04-16,2023-04-18,Artificial,BULL20,Negative,,
COW0735,Gir,2023-10-13,2023-10-15,Artificial,BULL11,Positive,2024-07-24,2024-07-29
COW0736,Holstein,2023-09-22,2023-09-23,Artificial,BULL10,Positive,2024-07-02,2024-07-05
COW0737,Gir,2023-02-17,2023-02-19,Natural,BULL17,Positive,2023-11-29,2023-12-04
COW0738,Jersey,2023-03-31,2023-03-31,Natural,BULL9,Negative,,
COW0739,Jersey,2023-05-01,2023-05-01,Artificial,BULL14,Positive,2024-02-08,2024-02-11
COW0740,Holstein,2023-07-28,2023-07-28,Artificial,BULL8,Pending,,
COW0741,Gir,2023-07-10,2023-07-10,Natural,BULL11,Negative,,
COW0742,Gir,2023-10-22,2023-10-22,Artificial,BULL10,Negative,,
COW0743,Sahiwal,2023-08-17,2023-08-17,Artificial,BULL17,Pending,,
COW0744,Jersey,2023-11-29,2023-12-01,Artificial,BULL18,Pending,,
COW0745,Gir,2023-07-16,2023-07-16,Artificial,BULL17,Positive,2024-04-24,2024-04-27
COW0746,Jersey,2023-08-10,2023-08-11,Natural,BULL18,Negative,,
COW0747,Holstein,2023-12-05,2023-12-05,Natural,BULL14,Positive,2024-09-13,2024-09-15
COW0748,Gir,2023-02-25,2023-02-25,Natural,BULL2,Positive,2023-12-05,2023-12-06
COW0749,Holstein,2023-11-12,2023-11-13,Artificial,BULL1,Negative,,
COW0750,Gir,2023-08-01,2023-08-03,Natural,BULL6,Positive,2024-05-12,2024-05-15
COW0751,Gir,2023-09-03,2023-09-04,Artificial,BULL3,Pending,,
COW0752,Jersey,2023-06-10,2023-06-11,Artificial,BULL15,Positive,2024-03-20,2024-03-24
COW0753,Gir,2023-07-03,2023-07-03,Artificial,BULL20,Positive,2024-04-11,2024-04-12
COW0754,Jersey,2023-02-20,2023-02-21,Natural,BULL7,Pending,,
COW0755,Jersey,2023-12-20,2023-12-20,Natural,BULL4,Pending,,
COW0756,Sahiwal,2023-10-17,2023-10-17,Natural,BULL8,Pending,,
COW0757,Sahiwal,2023-03-03,2023-03-03,Natural,BULL20,Positive,2023-12-11,2023-12-11
COW0758,Gir,2023-01-19,2023-01-21,Natural,BULL7,Positive,2023-10-31,2023-11-01
COW0759,Gir,2023-09-30,2023-09-30,Artificial,BULL2,Positive,2024-07-09,2024-07-10
COW0760,Sahiwal,2023-12-29,2023-12-31,Artificial,BULL8,Pending,,
COW0761,Gir,2023-04-25,2023-04-26,Artificial,BULL4,Negative,,
COW0762,Holstein,2023-03-16,2023-03-17,Natural,BULL2,Positive,2023-12-25,2023-12-29
COW0763,Holstein,2023-07-28,2023-07-28,Artificial,BULL12,Pending,,
COW0764,Holstein,2023-05-01,2023-05-03,Artificial,BULL8,Pending,,
COW0765,Gir,2023-04-30,2023-05-01,Artificial,BULL7,Pending,,
COW0766,Sahiwal,2023-12-16,2023-12-16,Artificial,BULL10,Positive,2024-09-24,2024-09-27
COW0767,Jersey,2023-08-23,2023-08-24,Natural,BULL17,Positive,2024-06-02,2024-06-03
COW0768,Holstein,2023-01-16,2023-01-18,Artificial,BULL20,Negative,,
COW0769,Gir,2023-05-20,2023-05-22,Artificial,BULL9,Positive,2024-02-29,2024-03-05
COW0770,Gir,2023-08-11,2023-08-12,Natural,BULL16,Negative,,
COW0771,Holstein,2023-10-19,2023-10-19,Natural,BULL9,Positive,2024-07-28,2024-07-31
COW0772,Holstein,2023-12-19,2023-12-19,Natural,BULL19,Positive,2024-09-27,2024-10-01
COW0773,Gir,2023-06-12,2023-06-14,Artificial,BULL2,Negative,,
COW0774,Gir,2023-09-05,2023-09-05,Natural,BULL3,Positive,2024-06-14,2024-06-17
COW0775,Jersey,2023-05-17,2023-05-17,Natural,BULL10,Negative,,
COW0776,Gir,2023-04-20,2023-04-21,Artificial,BULL18,Positive,2024-01-29,2024-02-03
COW0777,Sahiwal,2023-10-18,2023-10-19,Natural,BULL5,Pending,,
COW0778,Jersey,2023-10-25,2023-10-27,Natural,BULL10,Positive,2024-08-05,2024-08-09
COW0779,Sahiwal,2023-11-10,2023-11-12,Natural,BULL18,Negative,,
COW0780,Jersey,2023-12-13,2023-12-15,Natural,BULL17,Negative,,
COW0781,Jersey,2023-02-09,2023-02-11,Artificial,BULL17,Positive,2023-11-21,2023-11-23
COW0782,Gir,2023-12-30,2024-01-01,Natural,BULL6,Negative,,
COW0783,Jersey,2023-10-31,2023-11-01,Natural,BULL2,Negative,,
COW0784,Jersey,2023-12-06,2023-12-06,Artificial,BULL11,Positive,2024-09-14,2024-09-16
COW0785,Sahiwal,2023-03-04,2023-03-04,Artificial,BULL19,Positive,2023-12-12,2023-12-13
COW0786,Holstein,2023-06-10,2023-06-11,Artificial,BULL1,Positive,2024-03-20,2024-03-24
COW0787,Jersey,2023-10-03,2023-10-03,Natural,BULL1,Negative,,
COW0788,Sahiwal,2023-10-17,2023-10-19,Artificial,BULL15,Positive,2024-07-28,2024-07-30
COW0789,Gir,2023-06-05,2023-06-07,Natural,BULL10,Positive,2024-03-16,2024-03-19
COW0790,Jersey,2023-10-10,2023-10-12,Natural,BULL11,Negative,,
COW0791,Sahiwal,2023-03-18,2023-03-20,Artificial,BULL20,Negative,,
COW0792,Jersey,2023-12-22,2023-12-24,Artificial,BULL20,Negative,,
COW0793,Jersey,2023-10-19,2023-10-20,Artificial,BULL19,Negative,,
COW0794,Sahiwal,2023-07-18,2023-07-19,Natural,BULL15,Pending,,
COW0795,Sahiwal,2023-12-10,2023-12-11,Natural,BULL2,Pending,,
COW0796,Sahiwal,2023-10-17,2023-10-18,Artificial,BULL1,Positive,2024-07-27,2024-07-28
COW0797,Sahiwal,2023-07-08,2023-07-08,Natural,BULL14,Pending,,
COW0798,Jersey,2023-06-01,2023-06-01,Natural,BULL6,Pending,,
COW0799,Jersey,2023-08-03,2023-08-05,Natural,BULL13,Pending,,
COW0800,Holstein,2023-03-27,2023-03-27,Natural,BULL6,Pending,,
COW0801,Sahiwal,2023-10-03,2023-10-04,Artificial,BULL17,Negative,,
COW0802,Holstein,2023-02-04,2023-02-04,Natural,BULL4,Negative,,
COW0803,Gir,2023-10-31,2023-11-02,Artificial,BULL10,Negative,,
COW0804,Jersey,2023-03-01,2023-03-01,Natural,BULL2,Pending,,
COW0805,Sahiwal,2023-10-04,2023-10-04,Artificial,BULL16,Negative,,
COW0806,Gir,2023-11-21,2023-11-21,Artificial,BULL5,Negative,,
COW0807,Sahiwal,2023-05-05,2023-05-07,Artificial,BULL18,Negative,,
COW0808,Holstein,2023-10-21,2023-10-23,Artificial,BULL18,Negative,,
COW0809,Sahiwal,2023-09-28,2023-09-28,Natural,BULL7,Negative,,
COW0810,Holstein,2023-06-28,2023-06-28,Natural,BULL5,Negative,,
COW0811,Sahiwal,2023-12-31,2023-12-31,Natural,BULL16,Negative,,
COW0812,Gir,2023-04-11,2023-04-13,Artificial,BULL10,Positive,2024-01-21,2024-01-26
COW0813,Gir,2023-08-02,2023-08-02,Artificial,BULL17,Pending,,
COW0814,Jersey,2023-03-09,2023-03-10,Artificial,BULL16,Pending,,
COW0815,Jersey,2023-10-04,2023-10-04,Artificial,BULL5,Pending,,
COW0816,Holstein,2023-11-08,2023-11-09,Natural,BULL14,Negative,,
COW0817,Holstein,2023-10-19,2023-10-19,Natural,BULL6,Positive,2024-07-28,2024-08-02
COW0818,Jersey,2023-01-17,2023-01-19,Artificial,BULL5,Negative,,
COW0819,Gir,2023-02-23,2023-02-23,Artificial,BULL4,Pending,,
COW0820,Gir,2023-11-02,2023-11-03,Artificial,BULL13,Pending,,
COW0821,Sahiwal,2023-11-07,2023-11-09,Artificial,BULL7,Pending,,
COW0822,Gir,2023-09-04,2023-09-06,Natural,BULL10,Positive,2024-06-15,2024-06-17
COW0823,Sahiwal,2023-10-11,2023-10-11,Natural,BULL10,Pending,,
COW0824,Jersey,2023-05-20,2023-05-22,Artificial,BULL16,Positive,2024-02-29,2024-03-05
COW0825,Holstein,2023-07-26,2023-07-27,Natural,BULL8,Positive,2024-05-05,2024-05-08
COW0826,Jersey,2023-06-16,2023-06-16,Natural,BULL4,Negative,,
COW0827,Holstein,2023-12-21,2023-12-21,Artificial,BULL8,Pending,,
COW0828,Holstein,2023-12-22,2023-12-23,Artificial,BULL19,Negative,,
COW0829,Sahiwal,2023-08-08,2023-08-09,Artificial,BULL8,Positive,2024-05-18,2024-05-23
COW0830,Sahiwal,2023-06-25,2023-06-26,Natural,BULL9,Pending,,
COW0831,Holstein,2023-04-24,2023-04-25,Natural,BULL7,Pending,,
COW0832,Holstein,2023-08-21,2023-08-23,Natural,BULL9,Positive,2024-06-01,2024-06-04
COW0833,Gir,2023-10-27,2023-10-27,Natural,BULL6,Pending,,
COW0834,Holstein,2023-12-11,2023-12-12,Natural,BULL17,Negative,,
COW0835,Jersey,2023-01-15,2023-01-16,Natural,BULL6,Negative,,
COW0836,Holstein,2023-05-07,2023-05-07,Natural,BULL1,Negative,,
COW0837,Sahiwal,2023-07-16,2023-07-16,Artificial,BULL14,Pending,,
COW0838,Gir,2023-03-04,2023-03-06,Natural,BULL16,Negative,,
COW0839,Sahiwal,2023-07-21,2023-07-23,Artificial,BULL11,Pending,,
COW0840,Holstein,2023-11-25,2023-11-26,Natural,BULL15,Positive,2024-09-04,2024-09-05
COW0841,Jersey,2023-11-21,2023-11-21,Natural,BULL16,Pending,,
COW0842,Jersey,2023-01-20,2023-01-20,Artificial,BULL5,Pending,,
COW0843,Jersey,2023-11-27,2023-11-28,Artificial,BULL8,Pending,,
COW0844,Holstein,2023-12-06,2023-12-07,Natural,BULL14,Negative,,
COW0845,Holstein,2023-12-09,2023-12-09,Artificial,BULL15,Positive,2024-09-17,2024-09-19
COW0846,Jersey,2023-11-15,2023-11-15,Natural,BULL4,Negative,,
COW0847,Gir,2023-01-28,2023-01-30,Artificial,BULL16,Pending,,
COW0848,Jersey,2023-05-18,2023-05-20,Artificial,BULL10,Negative,,
COW0849,Gir,2023-04-26,2023-04-26,Artificial,BULL10,Pending,,
COW0850,Gir,2023-09-07,2023-09-09,Natural,BULL2,Negative,,
COW0851,Holstein,2023-06-12,2023-06-12,Artificial,BULL9,Pending,,
COW0852,Holstein,2023-06-02,2023-06-02,Artificial,BULL12,Pending,,
COW0853,Holstein,2023-06-01,2023-06-01,Artificial,BULL1,Positive,2024-03-10,2024-03-14
COW0854,Jersey,2023-03-22,2023-03-23,Natural,BULL13,Negative,,
COW0855,Holstein,2023-04-23,2023-04-23,Natural,BULL18,Negative,,
COW0856,Jersey,2023-04-17,2023-04-19,Artificial,BULL4,Negative,,
COW0857,Gir,2023-03-06,2023-03-08,Natural,BULL19,Pending,,
COW0858,Jersey,2023-10-26,2023-10-28,Artificial,BULL17,Pending,,
COW0859,Jersey,2023-09-20,2023-09-22,Natural,BULL9,Pending,,
COW0860,Holstein,2023-08-17,2023-08-18,Natural,BULL10,Positive,2024-05-27,2024-05-30
COW0861,Holstein,2023-11-23,2023-11-24,Natural,BULL11,Positive,2024-09-02,2024-09-05
COW0862,Sahiwal,2023-11-14,2023-11-16,Natural,BULL17,Pending,,
COW0863,Holstein,2023-06-27,2023-06-29,Artificial,BULL10,Negative,,
COW0864,Gir,2023-10-27,2023-10-27,Artificial,BULL16,Pending,,
COW0865,Holstein,2023-04-09,2023-04-09,Artificial,BULL13,Pending,,
COW0866,Sahiwal,2024-01-01,2024-01-01,Artificial,BULL13,Negative,,
COW0867,Gir,2023-02-01,2023-02-03,Natural,BULL18,Negative,,
COW0868,Holstein,2023-10-03,2023-10-04,Artificial,BULL8,Negative,,
COW0869,Gir,2023-08-07,2023-08-07,Natural,BULL2,Pending,,
COW0870,Holstein,2023-02-12,2023-02-13,Natural,BULL9,Positive,2023-11-23,2023-11-27
COW0871,Holstein,2023-11-24,2023-11-26,Artificial,BULL6,Negative,,
COW0872,Sahiwal,2023-11-29,2023-12-01,Artificial,BULL4,Positive,2024-09-09,2024-09-12
COW0873,Jersey,2023-10-19,2023-10-20,Natural,BULL5,Negative,,
COW0874,Jersey,2023-06-26,2023-06-26,Natural,BULL5,Positive,2024-04-04,2024-04-06
COW0875,Gir,2023-04-28,2023-04-28,Artificial,BULL20,Negative,,
COW0876,Gir,2023-12-04,2023-12-04,Artificial,BULL12,Positive,2024-09-12,2024-09-12
COW0877,Jersey,2023-09-27,2023-09-27,Natural,BULL17,Pending,,
COW0878,Gir,2023-10-31,2023-10-31,Natural,BULL2,Negative,,
COW0879,Holstein,2023-07-31,2023-08-01,Artificial,BULL6,Pending,,
COW0880,Gir,2023-12-10,2023-12-10,Natural,BULL15,Negative,,
COW0881,Gir,2023-12-13,2023-12-15,Natural,BULL1,Positive,2024-09-23,2024-09-27
COW0882,Jersey,2023-07-30,2023-07-31,Artificial,BULL1,Pending,,
COW0883,Gir,2023-01-05,2023-01-07,Artificial,BULL4,Positive,2023-10-17,2023-10-19
COW0884,Gir,2023-04-21,2023-04-23,Natural,BULL6,Negative,,
COW0885,Holstein,2023-03-25,2023-03-25,Artificial,BULL10,Negative,,
COW0886,Holstein,2023-03-16,2023-03-18,Artificial,BULL9,Pending,,
COW0887,Gir,2023-06-05,2023-06-05,Natural,BULL7,Negative,,
COW0888,Sahiwal,2023-05-11,2023-05-12,Artificial,BULL20,Pending,,
COW0889,Gir,2023-03-19,2023-03-21,Artificial,BULL5,Positive,2023-12-29,2023-12-29
COW0890,Holstein,2023-09-12,2023-09-14,Artificial,BULL17,Pending,,
COW0891,Sahiwal,2023-10-18,2023-10-19,Natural,BULL11,Positive,2024-07-28,2024-07-30
COW0892,Jersey,2023-08-22,2023-08-23,Artificial,BULL7,Negative,,
COW0893,Gir,2023-12-26,2023-12-26,Natural,BULL3,Pending,,
COW0894,Holstein,2023-11-24,2023-11-26,Artificial,BULL2,Negative,,
COW0895,Holstein,2023-08-06,2023-08-08,Natural,BULL4,Positive,2024-05-17,2024-05-22
COW0896,Jersey,2023-07-19,2023-07-21,Natural,BULL9,Negative,,
COW0897,Holstein,2023-01-17,2023-01-18,Natural,BULL15,Pending,,
COW0898,Gir,2023-06-28,2023-06-29,Artificial,BULL12,Pending,,
COW0899,Sahiwal,2023-12-15,2023-12-17,Natural,BULL11,Positive,2024-09-25,2024-09-29
COW0900,Holstein,2023-04-03,2023-04-05,Natural,BULL12,Pending,,
COW0901,Gir,2023-05-18,2023-05-19,Natural,BULL11,Pending,,
COW0902,Gir,2023-11-13,2023-11-15,Natural,BULL10,Positive,2024-08-24,2024-08-25
COW0903,Holstein,2023-05-06,2023-05-08,Natural,BULL17,Positive,2024-02-15,2024-02-16
COW0904,Jersey,2023-11-26,2023-11-27,Natural,BULL19,Positive,2024-09-05,2024-09-05
COW0905,Sahiwal,2023-12-10,2023-12-10,Artificial,BULL13,Positive,2024-09-18,2024-09-21
COW0906,Jersey,2023-03-15,2023-03-17,Artificial,BULL11,Negative,,
COW0907,Holstein,2023-10-15,2023-10-15,Natural,BULL10,Negative,,
COW0908,Gir,2023-07-16,2023-07-16,Natural,BULL3,Negative,,
COW0909,Gir,2023-12-21,2023-12-23,Artificial,BULL3,Pending,,
COW0910,Jersey,2023-11-16,2023-11-18,Natural,BULL15,Negative,,
COW0911,Jersey,2023-11-08,2023-11-10,Artificial,BULL17,Negative,,
COW0912,Gir,2023-11-07,2023-11-08,Artificial,BULL19,Pending,,
COW0913,Sahiwal,2023-11-13,2023-11-13,Natural,BULL15,Negative,,
COW0914,Holstein,2023-11-16,2023-11-17,Natural,BULL8,Negative,,
COW0915,Jersey,2023-05-23,2023-05-23,Artificial,BULL9,Positive,2024-03-01,2024-03-01
COW0916,Holstein,2023-03-21,2023-03-22,Natural,BULL4,Pending,,
COW0917,Jersey,2023-04-29,2023-04-30,Natural,BULL1,Positive,2024-02-07,2024-02-07
COW0918,Gir,2023-07-16,2023-07-18,Natural,BULL4,Pending,,
COW0919,Jersey,2023-10-22,2023-10-22,Artificial,BULL18,Negative,,
COW0920,Gir,2023-08-29,2023-08-29,Natural,BULL12,Positive,2024-06-07,2024-06-11
COW0921,Gir,2023-02-08,2023-02-08,Natural,BULL8,Negative,,
COW0922,Holstein,2023-08-25,2023-08-27,Natural,BULL12,Positive,2024-06-05,2024-06-05
COW0923,Gir,2023-02-13,2023-02-15,Natural,BULL18,Positive,2023-11-25,2023-11-29
COW0924,Gir,2023-12-19,2023-12-19,Natural,BULL4,Pending,,
COW0925,Jersey,2023-07-08,2023-07-10,Artificial,BULL14,Positive,2024-04-18,2024-04-22
COW0926,Sahiwal,2023-02-03,2023-02-04,Natural,BULL1,Positive,2023-11-14,2023-11-16
COW0927,Holstein,2023-05-23,2023-05-23,Artificial,BULL11,Positive,2024-03-01,2024-03-04
COW0928,Gir,2023-10-16,2023-10-16,Natural,BULL8,Pending,,
COW0929,Holstein,2023-11-29,2023-11-30,Natural,BULL20,Pending,,
COW0930,Jersey,2023-10-01,2023-10-02,Natural,BULL11,Negative,,
COW0931,Gir,2023-08-03,2023-08-04,Artificial,BULL11,Negative,,
COW0932,Jersey,2023-10-16,2023-10-16,Natural,BULL10,Positive,2024-07-25,2024-07-28
COW0933,Gir,2023-06-09,2023-06-11,Natural,BULL18,Positive,2024-03-20,2024-03-22
COW0934,Jersey,2023-09-09,2023-09-09,Natural,BULL10,Positive,2024-06-18,2024-06-22
COW0935,Jersey,2023-04-23,2023-04-25,Natural,BULL12,Negative,,
COW0936,Jersey,2023-11-09,2023-11-09,Natural,BULL4,Negative,,
COW0937,Gir,2023-11-17,2023-11-17,Artificial,BULL3,Pending,,
COW0938,Gir,2023-01-10,2023-01-12,Natural,BULL14,Positive,2023-10-22,2023-10-23
COW0939,Jersey,2023-07-07,2023-07-07,Natural,BULL10,Positive,2024-04-15,2024-04-19
COW0940,Jersey,2023-11-14,2023-11-14,Artificial,BULL2,Positive,2024-08-23,2024-08-26
COW0941,Sahiwal,2023-01-11,2023-01-13,Artificial,BULL2,Positive,2023-10-23,2023-10-28
COW0942,Jersey,2023-05-23,2023-05-23,Natural,BULL15,Positive,2024-03-01,2024-03-01
COW0943,Gir,2023-03-04,2023-03-06,Natural,BULL20,Positive,2023-12-14,2023-12-16
COW0944,Jersey,2023-04-17,2023-04-17,Natural,BULL9,Pending,,
COW0945,Gir,2023-05-09,2023-05-09,Natural,BULL19,Positive,2024-02-16,2024-02-18
COW0946,Jersey,2023-01-21,2023-01-23,Natural,BULL12,Positive,2023-11-02,2023-11-05
COW0947,Jersey,2023-01-22,2023-01-22,Artificial,BULL17,Pending,,
COW0948,Jersey,2023-03-10,2023-03-10,Artificial,BULL14,Positive,2023-12-18,2023-12-20
COW0949,Sahiwal,2023-03-30,2023-03-30,Natural,BULL7,Positive,2024-01-07,2024-01-09
COW0950,Gir,2023-05-21,2023-05-23,Natural,BULL8,Negative,,
COW0951,Gir,2023-03-16,2023-03-18,Natural,BULL1,Positive,2023-12-26,2023-12-27
COW0952,Sahiwal,2023-01-29,2023-01-31,Natural,BULL7,Negative,,
COW0953,Jersey,2023-08-10,2023-08-10,Natural,BULL2,Negative,,
COW0954,Holstein,2023-09-16,2023-09-18,Natural,BULL3,Pending,,
COW0955,Sahiwal,2023-07-29,2023-07-30,Natural,BULL5,Pending,,
COW0956,Gir,2023-08-23,2023-08-23,Natural,BULL15,Negative,,
COW0957,Gir,2023-08-29,2023-08-31,Natural,BULL3,Positive,2024-06-09,2024-06-12
COW0958,Sahiwal,2023-09-18,2023-09-20,Artificial,BULL10,Pending,,
COW0959,Jersey,2023-12-15,2023-12-16,Artificial,BULL19,Positive,2024-09-24,2024-09-24
COW0960,Gir,2023-08-04,2023-08-04,Natural,BULL19,Positive,2024-05-13,2024-05-16
COW0961,Sahiwal,2023-08-28,2023-08-29,Natural,BULL5,Negative,,
COW0962,Jersey,2023-07-06,2023-07-07,Artificial,BULL19,Negative,,
COW0963,Jersey,2023-07-30,2023-07-30,Natural,BULL9,Pending,,
COW0964,Sahiwal,2023-05-20,2023-05-20,Natural,BULL6,Positive,2024-02-27,2024-02-28
COW0965,Gir,2023-04-21,2023-04-22,Artificial,BULL13,Negative,,
COW0966,Sahiwal,2023-06-23,2023-06-25,Artificial,BULL4,Positive,2024-04-03,2024-04-05
COW0967,Holstein,2023-01-14,2023-01-14,Artificial,BULL15,Negative,,
COW0968,Holstein,2023-04-28,2023-04-29,Natural,BULL11,Positive,2024-02-06,2024-02-11
COW0969,Sahiwal,2023-08-09,2023-08-10,Natural,BULL10,Negative,,
COW0970,Gir,2023-04-01,2023-04-01,Natural,BULL20,Positive,2024-01-09,2024-01-12
COW0971,Sahiwal,2023-02-13,2023-02-15,Artificial,BULL17,Pending,,
COW0972,Sahiwal,2023-06-03,2023-06-05,Artificial,BULL18,Positive,2024-03-14,2024-03-15
COW0973,Sahiwal,2023-07-01,2023-07-01,Natural,BULL18,Pending,,
COW0974,Holstein,2023-06-02,2023-06-04,Natural,BULL17,Negative,,
COW0975,Gir,2023-04-02,2023-04-04,Artificial,BULL14,Pending,,
COW0976,Sahiwal,2023-10-09,2023-10-11,Natural,BULL4,Pending,,
COW0977,Sahiwal,2023-04-27,2023-04-29,Artificial,BULL5,Positive,2024-02-06,2024-02-09
COW0978,Holstein,2023-05-14,2023-05-14,Artificial,BULL6,Positive,2024-02-21,2024-02-25
COW0979,Holstein,2023-10-18,2023-10-19,Natural,BULL4,Pending,,
COW0980,Jersey,2023-03-22,2023-03-23,Artificial,BULL19,Negative,,
COW0981,Holstein,2023-06-27,2023-06-28,Artificial,BULL3,Positive,2024-04-06,2024-04-09
COW0982,Jersey,2023-10-27,2023-10-28,Artificial,BULL12,Pending,,
COW0983,Holstein,2023-07-20,2023-07-22,Artificial,BULL10,Pending,,
COW0984,Sahiwal,2023-07-21,2023-07-22,Artificial,BULL1,Positive,2024-04-30,2024-05-04
COW0985,Sahiwal,2023-08-20,2023-08-20,Artificial,BULL7,Pending,,
COW0986,Holstein,2023-02-23,2023-02-25,Artificial,BULL6,Positive,2023-12-05,2023-12-07
COW0987,Sahiwal,2023-07-06,2023-07-08,Artificial,BULL14,Pending,,
COW0988,Sahiwal,2023-07-12,2023-07-12,Natural,BULL14,Positive,2024-04-20,2024-04-21
COW0989,Sahiwal,2023-01-27,2023-01-27,Natural,BULL17,Negative,,
COW0990,Sahiwal,2023-01-28,2023-01-29,Natural,BULL4,Positive,2023-11-08,2023-11-10
COW0991,Holstein,2023-02-27,2023-03-01,Artificial,BULL4,Negative,,
COW0992,Holstein,2023-09-08,2023-09-08,Natural,BULL16,Pending,,
COW0993,Sahiwal,2023-05-03,2023-05-03,Natural,BULL13,Negative,,
COW0994,Sahiwal,2023-10-16,2023-10-16,Artificial,BULL8,Pending,,
COW0995,Jersey,2023-12-09,2023-12-09,Natural,BULL8,Negative,,
COW0996,Sahiwal,2023-06-27,2023-06-27,Artificial,BULL7,Positive,2024-04-05,2024-04-05
COW0997,Holstein,2023-09-09,2023-09-10,Artificial,BULL19,Pending,,
COW0998,Gir,2023-10-13,2023-10-14,Natural,BULL14,Negative,,
COW0999,Sahiwal,2023-07-25,2023-07-25,Artificial,BULL9,Pending,,
COW1000,Holstein,2023-08-25,2023-08-26,Natural,BULL11,Negative,,
